1,3897,八,bā,数,八,ba1,1
3,4125,班,bān,名,クラス,ba1n,1
3,4126,搬,bān,動,運ぶ 引っ越しする,ba1n,1
3,4129,包,bāo,量,…包み（包んだ物を数える）,ba1o,1
4,,擦,cā,動,拭く,ca1,1
4,,猜,cāi,動,答えを当てる,ca1i,1
1,3904,吃,chī,動,食べる,chi1,1
2,37,出,chū,動,出る 出す,chu1,1
3,65,春,chūn,名,春,chu1n,1
2,4017,穿,chuān,動,（衣服を）着る 通り抜ける,chua1n,1
4,,当,dāng,動,…になる 担当する,da1ng,1
4,,刀,dāo,名,刃物,da1o,1
3,69,灯,dēng,名,明かり,de1ng,1
3,4152,低,dī,形,低い,di1,1
4,,丢,diū,動,失う,diu1,1
3,73,东,dōng,名,東,do1ng,1
3,72,冬,dōng,名,冬,do1ng,1
1,3912,都,dōu,副,みな すべて,do1u,1
1,3915,多,duō,形,多い,duo1,1
4,,发,fā,動,発送する 発生する,fa1,1
3,4165,分,fēn,量,…分,fe1n,1
2,4028,高,gāo,形,高い（高さが）,ga1o,1
3,4172,跟,gēn,介,…といっしょに …で,ge1n,1
3,80,关,guān,動,閉める,gua1n,1
4,,光,guāng,名,光 明るくする,gua1ng,1
1,3927,喝,hē,動,飲む,he1,1
2,47,黑,hēi,形,黒い,he1i,1
3,4186,花,huā,名,花,hua1,1
1,3932,家,jiā,名,家 家庭,jia1,1
3,86,教,jiāo,動,教える,jia1o,1
4,,交,jiāo,動,交付する 交わる,jia1o,1
3,4200,接,jiē,動,つなぐ （手紙や電話を）受け取る 迎える,jie1,1
1,9,开,kāi,動,開く,ka1i,1
4,,棵,kē,量,…本（木 草を数える）,ke1,1
3,4214,哭,kū,動,泣く,ku1,1
4,,宽,kuān,形,幅が広い幅,kua1n,1
4,,拉,lā,動,引く （楽器を）弾く,la1,1
1,3948,猫,māo,名,猫,ma1o,1
4,,篇,piān,量,…篇（文章を数える）,pia1n,1
1,3959,七,qī,数,七,qi1,1
4,,轻,qīng,形,軽い,qi1ng,1
2,4069,千,qiān,数,千,qia1n,1
4,,敲,qiāo,動,たたく,qia1o,1
3,110,秋,qiū,名,秋,qiu1,1
4,,扔,rēng,動,投げる 捨てる,re1ng,1
1,3964,三,sān,数,三,sa1n,1
4,,深,shēn,形,深い （色が）濃い,she1n,1
4,,收,shōu,動,収める 受け取る,sho1u,1
1,3971,书,shū,名,本 書籍,shu1,1
4,,输,shū,動,負ける,shu1,1
3,114,双,shuāng,量,…双（ペアを数える）,shua1ng,1
4,,酸,suān,形,酸っぱい,sua1n,1
1,23,他,tā,代,彼,ta1,1
1,8,她,tā,代,彼女,ta1,1
2,10336,它,tā,代,それ あれ,ta1,1
4,,汤,tāng,名,スープ,ta1ng,1
1,3980,听,tīng,動,聞く,ti1ng,1
4,,推,tuī,動,押す,tui1,1
4,,脱,tuō,動,脱ぐ 抜ける,tuo1,1
3,123,西,xī,名,西,xi1,1
2,10342,新,xīn,形,新しい,xi1n,1
3,4276,先,xiān,副,先に まず,xia1n,1
4,,香,xiāng,形,香りがよい 味がよい,xia1ng,1
1,28,些,xiē,量,いくらかの（不定の量）,xie1,1
4,,修,xiū,動,直す 修理する 整える,xiu1,1
1,3997,一,yī,数,一,yi1,1
2,4104,阴,yīn,形,曇っている,yi1n,1
2,10345,张,zhāng,量,…張り（薄くて平らな面をもつものを数える）,zha1ng,1
2,10346,真,zhēn,副,じつに 確かに,zhe1n,1
4,,之,zhī,助,これ それ …の,zhi1,1
4,,只,zhī,量,…匹（小動物 昆虫 ペアの片割れ）,zhi1,1
4,,猪,zhū,名,豚,zhu1,1
4,,租,zū,動,貸す（有料で） （金を払って）借りる,zu1,1
2,35,白,bái,形,白い,ba2i,2
2,36,别,bié,副,…してはいけない,bie2,2
3,62,才,cái,副,いま…したばかり やっと,ca2i,2
3,4139,层,céng,量,…枚（重なった物を数える）,ce2ng,2
1,3903,茶,chá,名,お茶,cha2,2
2,4015,长,cháng,形,長い 長さ 長所,cha2ng,2
4,,尝,cháng,動,味を見る,cha2ng,2
2,4018,船,chuán,名,船,chua2n,2
2,39,从,cóng,介,起点・出発点を示す,co2ng,2
1,3913,读,dú,動,音読する （学校で）勉強する,du2,2
4,,而,ér,接,…でありまた…である …ではあるが…ではない,e2r,2
2,4038,还,hái,副,まだ やはり なお,ha2i,2
3,4183,河,hé,名,川,he2,2
1,3928,和,hé,介,…と,he2,2
2,48,红,hóng,形,赤い,ho2ng,2
4,,还,huán,動,返す 報いる,hua2n,2
3,4191,黄,huáng,形,黄色い,hua2ng,2
1,6,回,huí,量,…回,hui2,2
3,82,极,jí,副,きわめて 極み 頂点,ji2,2
1,3939,来,lái,動,来る,la2i,2
3,95,蓝,lán,形,青い,la2n,2
2,4055,离,lí,介,…から（二点間の隔たり）,li2,2
1,3944,零,líng,数,ゼロ 数の空位,li2ng,2
4,,连,lián,介,…もいっしょに …までも続けて,lia2n,2
4,,留,liú,動,留まる とっておく,liu2,2
3,98,楼,lóu,名,建物,lo2u,2
2,4059,忙,máng,形,忙しい 急いでいる,ma2ng,2
1,3949,没,méi,副,…しなかった まだ…していない まだ…でない,me2i,2
2,10331,门,mén,名,門,me2n,2
3,4228,拿,ná,動,手に取る,na2,2
3,104,南,nán,名,南,na2n,2
3,4230,难,nán,形,難しい …しにくい,na2n,2
1,3953,能,néng,能,…できる（能力がある） …が起こりうる …してもよい,ne2ng,2
2,10333,您,nín,代,あなた（敬称）,ni2n,2
1,3954,年,nián,名,年,nia2n,2
4,,陪,péi,動,お供する,pe2i,2
3,4241,骑,qí,動,乗る（またがって）,qi2,2
2,4070,晴,qíng,形,晴れている,qi2ng,2
1,3960,钱,qián,名,お金,qia2n,2
4,,墙,qiáng,名,壁 へい,qia2ng,2
4,,桥,qiáo,名,橋,qia2o,2
4,,穷,qióng,形,貧しい,qio2ng,2
4,,群,qún,量,…群（群れを成したものを数える）,qu2n,2
1,19,人,rén,名,人,re2n,2
1,3972,谁,shéi,代,誰（の） 誰か,she2i,2
1,3968,十,shí,数,十,shi2,2
4,,抬,tái,動,持ち上げる（二人以上で）,ta2i,2
4,,台,tái,名,台,ta2i,2
4,,谈,tán,動,話す 話し合う,ta2n,2
3,116,糖,táng,名,砂糖 あめ,ta2ng,2
3,4262,疼,téng,形,痛む,te2ng,2
2,10337,题,tí,名,題,ti2,2
3,4265,甜,tián,形,甘い うまい,tia2n,2
3,117,条,tiáo,量,…本（細長く 曲がることのある物を数える）,tia2o,2
2,4084,玩,wán,動,遊ぶ もてあそぶ,wa2n,2
2,10339,完,wán,動,仕上げる 尽きる,wa2n,2
4,,无,wú,副,…ない …するな …にもかかわらず,wu2,2
4,,行,xíng,量,…行（行・列になっている物を数える）,xi2ng,2
4,,咸,xián,形,塩辛い,xia2n,2
3,4281,鞋,xié,名,靴,xie2,2
4,,盐,yán,名,塩,ya2n,2
4,,赢,yíng,動,勝つ,yi2ng,2
4,,由,yóu,介,…によると …から理由 経由,yo2u,2
2,4107,鱼,yú,名,魚,yu2,2
3,139,云,yún,名,雲,yu2n,2
2,4108,圆,yuán,形,丸い,yua2n,2
4,,元,yuán,量,通貨の単位 元,yua2n,2
3,4122,矮,ǎi,形,低い（背丈が）,a3i,3
3,10349,把,bǎ,量,…把（取っ手 柄のあるものを数える）,ba3,3
2,4011,百,bǎi,数,百,ba3i,3
3,4130,饱,bǎo,形,満腹である,ba3o,3
1,1,本,běn,量,…冊（書籍・ノートを数える）,be3n,3
2,4014,比,bǐ,介,…と比べて,bi3,3
3,63,草,cǎo,名,草,ca3o,3
4,,吵,chǎo,動,口喧嘩する,cha3o,3
4,,得,děi,動,要する[dei3]得る[de2],de3i,3
2,4022,等,děng,動,待つ,de3ng,3
4,,等,děng,助,…など,de3ng,3
4,,底,dǐ,名,底 （年度などの）末 （事の）真相,di3,3
1,3908,点,diǎn,量,…時,dia3n,3
2,43,懂,dǒng,動,わかる 理解している,do3ng,3
3,4157,短,duǎn,形,短い,dua3n,3
4,,朵,duǒ,量,ひとひらの（花 雲を数える）,duo3,3
3,79,敢,gǎn,能,思い切って…する,ga3n,3
2,45,给,gěi,動,あげる,ge3i,3
1,3924,狗,gǒu,名,犬,go3u,3
1,3926,好,hǎo,形,よい 申し分ない,ha3o,3
1,3929,很,hěn,副,たいへん とても,he3n,3
4,,火,huǒ,名,火 鉄砲 赤い,huo3,3
3,7,几,jǐ,代,いくつ（数を尋ねる） いくつかの（不定の数）,ji3,3
4,,假,jiǎ,形,にせの,jia3,3
3,83,讲,jiǎng,動,話す 言う 説明する,jia3ng,3
3,85,脚,jiǎo,名,足（くるぶし…爪先）,jia3o,3
3,84,角,jiǎo,量,通貨の単位 角,jia3o,3
3,91,久,jiǔ,形,久しい,jiu3,3
1,3935,九,jiǔ,数,九,jiu3,3
3,4210,渴,kě,形,のどが渇いている,ke3,3
3,94,口,kǒu,名,口,ko3u,3
4,,苦,kǔ,形,苦い（味が） 苦しい つらい,ku3,3
4,,懒,lǎn,形,懶惰な ものぐさな,la3n,3
3,4217,老,lǎo,形,年を取っている 古い,la3o,3
1,3941,冷,lěng,形,寒い 冷たい,le3ng,3
1,3942,里,lǐ,名,中 内部 範囲を表す,li3,3
4,,俩,liǎ,数,2人 2つ（量詞なしで）,lia3,3
3,96,脸,liǎn,名,顔,lia3n,3
2,4056,两,liǎng,数,二（量詞・位数詞の前で）,lia3ng,3
3,100,马,mǎ,名,馬,ma3,3
1,3947,买,mǎi,動,買う,ma3i,3
4,,满,mǎn,形,満ちている,ma3n,3
2,4060,每,měi,代,ひとつひとつ …ごとに,me3i,3
3,4226,米,mǐ,量,…メートル,mi3,3
1,12,哪,nǎ,代,どの どれか,na3,3
1,16,你,nǐ,代,あなた,ni3,3
3,105,鸟,niǎo,名,鳥,nia3o,3
1,18,请,qǐng,動,お願いする 招待する,qi3ng,3
4,,取,qǔ,動,取る 得る,qu3,3
4,,软,ruǎn,形,柔らかい,rua3n,3
3,4250,伞,sǎn,名,傘,sa3n,3
1,3967,少,shǎo,形,少ない,sha3o,3
4,,省,shěng,名,省,she3ng,3
3,112,使,shǐ,動,使う 派遣する …に…をさせる,shi3,3
1,22,水,shuǐ,名,水,shui3,3
4,,死,sǐ,動,死ぬ,si3,3
4,,躺,tǎng,動,横になる 寝ころぶ,ta3ng,3
4,,挺,tǐng,副,結構 かなり,ti3ng,3
3,4269,腿,tuǐ,名,足（つけ根…くるぶし）,tui3,3
3,4271,碗,wǎn,名,椀 茶碗,wa3n,3
4,,往,wǎng,介,…に向かって …の方へ,wa3ng,3
1,25,我,wǒ,代,私,wo3,3
1,3982,五,wǔ,数,五,wu3,3
2,4090,洗,xǐ,動,洗う,xi3,3
4,,醒,xǐng,動,目が覚める,xi3ng,3
4,,响,xiǎng,形,よく鳴り響く,xia3ng,3
1,3988,想,xiǎng,動,（…と）思う 考える 懐かしむ,xia3ng,3
1,3989,小,xiǎo,形,小さい 年少である,xia3o,3
1,3991,写,xiě,動,書く,xie3,3
2,4095,雪,xuě,名,雪,xue3,3
2,4100,也,yě,副,…もまた たとえ…でも …でさえも,ye3,3
4,,以,yǐ,介,…をもって,yi3,3
1,10330,有,yǒu,動,いる ある 待つ,yo3u,3
2,4109,远,yuǎn,形,遠い,yua3n,3
4,,窄,zhǎi,形,幅が狭い 気が小さい,zha3i,3
3,,长,zhǎng,動,成長する 年長の （組織の）長,zha3ng,3
2,4114,找,zhǎo,動,さがす,zha3o,3
4,,指,zhǐ,動,指さす 指し示す,zhi3,3
3,140,只,zhǐ,副,ただ…だけ,zhi3,3
3,4309,种,zhǒng,名,種 種子,zho3ng,3
2,10347,走,zǒu,動,歩く 移動する,zo3u,3
4,,嘴,zuǐ,名,口,zui3,3
1,3896,爱,ài,動,愛する （行い 状態を）好む,a4i,4
4,,暗,àn,形,暗い,a4n,4
3,4128,半,bàn,数,半分 ２分の１,ba4n,4
4,,抱,bào,動,抱く,ba4o,4
3,,背,bèi,動,暗記する,be4i,4
4,59,被,bèi,介,…によって（受身を表す）,be4i,4
4,,笨,bèn,形,愚かである,be4n,4
4,,遍,biàn,量,…回 （はじめから終わりまでの）一通り,bia4n,4
1,3901,不,bù,副,いいえ …しない …ではない,bu4,4
1,3902,菜,cài,名,料理 おかず,ca4i,4
3,4140,差,chà,形,欠ける 異なる,cha4,4
2,38,次,cì,量,…回,ci4,4
2,40,错,cuò,形,誤っている,cuo4,4
1,3907,大,dà,形,大きい 年長である,da4,4
4,,戴,dài,動,着用する（頭・腕などに）,da4i,4
3,10352,带,dài,動,帯びる 身につける 連れる,da4i,4
2,4021,到,dào,動,至る 着く,da4o,4
4,,掉,diào,動,落ちる なくす,dia4o,4
4,,顿,dùn,量,…食 …回（食事 叱責 罵倒などを数える）,du4n,4
4,,断,duàn,動,断つ 切る 断じて,dua4n,4
3,75,段,duàn,量,…区切り（一定の距離や時間の長さを数える）,dua4n,4
2,*,对,duì,介,…に対して …に向かって,dui4,4
2,*,对,duì,量,…対（対になった物を数える）,dui4,4
3,4159,饿,è,形,おなかがすいている,e4,4
1,3918,二,èr,数,二（単独で）,e4r,4
3,78,放,fàng,動,置く 放す,fa4ng,4
4,,份,fèn,量,…部（(1)組になったもの(2)新聞や雑誌を数える,fe4n,4
4,,富,fù,形,金がある,fu4,4
1,4,个,gè,量,…個（広く色々な名詞に用いる）,ge4,4
4,,各,gè,代,各 それぞれ,ge4,4
3,4173,更,gèng,副,一層 もっと,ge4ng,4
4,,够,gòu,形,足りる 十分である,go4u,4
4,,挂,guà,動,掛ける 電話を切る,gua4,4
4,,逛,guàng,動,ぶらぶら歩く,gua4ng,4
2,4033,贵,guì,形,高い（値段が）,gui4,4
2,4034,过,guò,動,通過する 過ごす,guo4,4
4,,汗,hàn,名,汗,ha4n,4
2,46,号,hào,名,…日（日付）,ha4o,4
4,,厚,hòu,形,厚い,ho4u,4
3,4188,画,huà,動,描く（絵や図を）,hua4,4
3,4189,坏,huài,形,悪い,hua4i,4
3,81,换,huàn,動,交換する,hua4n,4
1,3930,会,huì,名,会合 集まり,hui4,4
4,,寄,jì,動,郵便で送る,ji4,4
2,4044,进,jìn,動,（ある場所に）入る 前へ進む,ji4n,4
3,4045,近,jìn,形,近い,ji4n,4
2,49,件,jiàn,量,…枚 …件（服 事柄を数える）,jia4n,4
1,3933,叫,jiào,動,叫ぶ …と呼ぶ,jia4o,4
3,89,借,jiè,動,借りる 貸す,jie4,4
3,92,旧,jiù,形,古い,jiu4,4
2,51,就,jiù,副,すぐ じきに,jiu4,4
3,3936,看,kàn,動,見る 読む 訪問する 診察する …と思う,ka4n,4
2,52,课,kè,名,授業,ke4,4
3,4211,刻,kè,量,…刻（15分）,ke4,4
4,,困,kùn,動,苦しむ 困る,ku4n,4
2,4052,快,kuài,形,速い（速度が）,kua4i,4
1,3938,块,kuài,量,通貨の単位 元（口語）,kua4i,4
4,,辣,là,形,辛い,la4,4
2,4054,累,lèi,形,疲れた,le4i,4
3,97,辆,liàng,量,…両（車両を数える）,lia4ng,4
4,,亮,liàng,形,明るい,lia4ng,4
1,3945,六,liù,数,六,liu4,4
2,53,路,lù,名,道路,lu4,4
4,,乱,luàn,形,乱れている,lua4n,4
3,99,绿,lǜ,形,緑色の,lü4,4
2,54,卖,mài,動,売る,ma4i,4
2,4058,慢,màn,形,遅い（動作が）,ma4n,4
4,,梦,mèng,名,夢,me4ng,4
1,13,那,nà,代,あの その あれ それ,na4,4
4,,内,nèi,名,中 内,ne4i,4
4,,弄,nòng,動,弄る する もてあそぶ,no4ng,4
3,4237,胖,pàng,形,太っている,pa4ng,4
4,,骗,piàn,動,騙す,pia4n,4
2,4066,票,piào,名,切符,pia4o,4
4,,破,pò,動,壊れる 裂く,po4,4
1,3961,去,qù,動,行く,qu4,4
4,,却,què,副,…なのにかえって退く,que4,4
2,10335,让,ràng,動,譲る …させる …される,ra4ng,4
1,3962,热,rè,形,熱い 暑い,re4,4
1,20,日,rì,名,太陽 日,ri4,4
1,21,上,shàng,名,上,sha4ng,4
4,,剩,shèng,動,残る 余る,she4ng,4
1,10329,是,shì,動,…だ …である,shi4,4
4,,试,shì,動,試みる,shi4,4
3,4254,瘦,shòu,形,やせている,sho4u,4
3,4257,树,shù,名,樹木 木,shu4,4
4,,帅,shuài,形,美しい 優美な 粋な元帥,shua4i,4
1,3976,四,sì,数,四,si4,4
2,4080,送,sòng,動,送り届ける 贈る （人を）見送る,so4ng,4
4,,算,suàn,動,計算する …と見なす,sua4n,4
1,3977,岁,suì,量,…歳,sui4,4
1,3978,太,tài,副,あまりに…すぎる きわめて,ta4i,4
2,10338,外,wài,名,外,wa4i,4
3,4272,万,wàn,数,万,wa4n,4
3,120,为,wèi,介,…のために,we4i,4
1,24,喂,wèi,感,感嘆詞（呼びかけ もしもし）,we4i,4
3,121,位,wèi,量,…人（人を数える）,we4i,4
2,10340,问,wèn,動,質問する 尋ねる,we4n,4
3,4283,信,xìn,名,手紙,xi4n,4
2,4093,姓,xìng,動,（…という）姓である,xi4ng,4
1,27,下,xià,名,下,xia4,4
3,125,夏,xià,名,夏,xia4,4
3,10341,向,xiàng,介,…の方へ …に対して,xia4ng,4
3,4279,像,xiàng,動,似ている,xia4ng,4
2,4092,笑,xiào,動,笑う,xia4o,4
4,,血,xuè,名,血,xue4,4
2,4099,药,yào,名,薬,ya4o,4
2,10343,要,yào,能,…するつもりである …する必要がある,ya4o,4
4,,页,yè,量,…頁,ye4,4
4,,亿,yì,数,億,yi4,4
4,,硬,yìng,形,硬い 冷酷な,yi4ng,4
3,134,用,yòng,動,使う 用いる,yo4ng,4
3,10358,又,yòu,副,また（…した）,yo4u,4
1,4002,月,yuè,名,…月（日付）,yue4,4
3,138,越,yuè,副,…であればあるほど越える,yue4,4
1,30,在,zài,動,存在する （…に）ある,za4i,4
2,4111,再,zài,副,再び さらに もっと,za4i,4
3,4303,站,zhàn,動,立つ 止まる,zha4n,4
1,31,这,zhè,代,この これ,zhe4,4
1,4006,住,zhù,動,住む 止む 止まる,zhu4,4
3,142,祝,zhù,動,祈る 願う,zhu4,4
4,,赚,zhuàn,動,儲ける利潤,zhua4n,4
4,,撞,zhuàng,動,ぶつかる,zhua4ng,4
1,33,字,zì,名,字,zi4,4
2,10348,最,zuì,副,最も 一番,zui4,4
1,4009,坐,zuò,動,坐る,zuo4,4
1,4010,做,zuò,動,作る （仕事などを）する,zuo4,4
4,,座,zuò,量,…台（大型で 固定した物を数える）,zuo4,4
3,55,啊,a,感,感嘆詞（文末 感嘆の語気）,a5,5
2,34,吧,ba,感,感嘆詞（語気をやわらげる）,ba5,5
3,70,地,de,名,土地 地面,de5,5
1,2,的,de,助,助詞（連体修飾・所有）,de5,5
2,42,得,de,助,用言につけて結果補語を導く。…できる …してよい,de5,5
1,3943,了,le,助,助詞（動作の完了・実現）,le5,5
1,10,吗,ma,感,感嘆詞（文末 疑問の語気）,ma5,5
1,15,呢,ne,感,感嘆詞（文末 疑問・確認）,ne5,5
4,,呀,ya,感,感嘆詞（文末 [a]の変化したもの）,ya5,5
2,4115,着,zhe,助,助詞（動作の持続・進行）,zhe5,5
3,4136,冰箱,bīng xiāng,名,冷蔵庫,bi1ng xia1ng,11
4,,参观,cān guān,動,参観する 見学する,ca1n gua1n,11
3,4138,参加,cān jiā,動,参加する,ca1n jia1,11
4,,吃惊,chī jīng,動,吃驚する たまげる,chi1 ji1ng,11
4,,抽烟,chōu yān,動,煙草を吸う,cho1u ya1n,11
4,,出差,chū chāi,動,出張する,chu1 cha1i,11
4,,出发,chū fā,動,出発する,chu1 fa1,11
4,,出生,chū shēng,動,生まれる,chu1 she1ng,11
4,,粗心,cū xīn,形,そそっかしい おおざっぱな,cu1 xi1n,11
3,4151,担心,dān xīn,動,心配する,da1n xi1n,11
3,4161,发烧,fā shāo,動,熱が出る,fa1 sha1o,11
4,,发生,fā shēng,動,発生する,fa1 she1ng,11
1,3920,飞机,fēi jī,名,飛行機,fe1i ji1,11
4,,…分之…,fēn zhī,数,…分の…（分数）,fe1n zhi1,11
1,3921,分钟,fēn zhōng,名,…分間,fe1n zho1ng,11
4,,干杯,gān bēi,動,乾杯する,ga1n be1i,11
2,4031,公斤,gōng jīn,量,…キログラム,go1ng ji1n,11
2,4032,公司,gōng sī,名,会社,go1ng si1,11
4,,工资,gōng zī,名,賃金,go1ng zi1,11
4,,孤单,gū dān,形,孤独な,gu1 da1n,11
3,4176,刮风,guā fēng,動,風が吹く,gua1 fe1ng,11
3,4178,关心,guān xīn,動,関心をもつ,gua1n xi1n,11
3,10355,几乎,jī hū,副,ほとんど,ji1 hu1,11
1,3934,今天,jīn tiān,名,今日,ji1n tia1n,11
4,,加班,jiā bān,動,残業（する） 時間外労働,jia1 ba1n,11
4,,交通,jiāo tōng,名,交通,jia1o to1ng,11
2,4047,咖啡,kā fēi,名,コーヒー,ka1 fe1i,11
4,,轻松,qīng sōng,形,軽快な 容易な,qi1ng so1ng,11
4,,沙发,shā fā,名,ソファ,sha1 fa1,11
4,,伤心,shāng xīn,形,傷心の 悲しい,sha1ng xi1n,11
4,,稍微,shāo wēi,副,すこし いくらか,sha1o we1i,11
3,111,声音,shēng yīn,名,声 音,she1ng yi1n,11
3,4258,司机,sī jī,名,運転手,si1 ji1,11
4,,通知,tōng zhī,動,通知する,to1ng zhi1,11
2,4088,西瓜,xī guā,名,すいか,xi1 gua1,11
3,4282,新鲜,xīn xiān,形,新鮮である,xi1n xia1n,11
1,3993,星期,xīng qī,名,週間 曜日,xi1ng qi1,11
3,126,香蕉,xiāng jiāo,名,バナナ,xia1ng jia1o,11
1,3999,医生,yī shēng,名,医師（文語）,yi1 she1ng,11
3,4300,应该,yīng gāi,能,当然…すべきである,yi1ng ga1i,11
4,,增加,zēng jiā,動,増える 増やす,ze1ng jia1,11
3,141,中间,zhōng jiān,名,中間 あいだ,zho1ng jia1n,11
3,4121,阿姨,ā yí,名,おばさん 母の姉妹,a1 yi2,12
4,,安排,ān pái,動,段取りをする,a1n pa2i,12
4,,安全,ān quán,形,安全である,a1n qua2n,12
3,57,帮忙,bāng máng,動,手伝う,ba1ng ma2ng,12
3,68,当然,dāng rán,副,当然である,da1ng ra2n,12
4,,当时,dāng shí,副,当時 即座に,da1ng shi2,12
2,4026,非常,fēi cháng,副,非常に とても たいへん,fe1i cha2ng,12
3,4170,刚才,gāng cái,名,つい先ほど たったいま,ga1ng ca2i,12
4,,高级,gāo jí,形,高級な,ga1o ji2,12
3,4174,公园,gōng yuán,名,公園,go1ng yua2n,12
3,10353,关于,guān yú,介,…に関する,gua1n yu2,12
4,,忽然,hū rán,副,突然 急に,hu1 ra2n,12
3,4187,花园,huā yuán,名,庭 花園,hua1 yua2n,12
2,4037,欢迎,huān yíng,動,歓迎する,hua1n yi2ng,12
4,,积极,jī jí,形,積極的な 熱心な,ji1 ji2,12
3,4205,经常,jīng cháng,副,常に いつも,ji1ng cha2ng,12
4,,精神,jīng shén,名,元気 活気 精神,ji1ng she2n,12
4,,坚持,jiān chí,動,堅持する 頑張って続ける,jia1n chi2,12
4,,将来,jiāng lái,名,将来 未来,jia1ng la2i,12
4,,交流,jiāo liú,動,交換 交流（する）,jia1o liu2,12
4,,科学,kē xué,名,科学,ke1 xue2,12
3,4213,空调,kōng tiáo,名,空調 エアコン,ko1ng tia2o,12
4,,批评,pī píng,動,批判する 叱る,pi1 pi2ng,12
4,,区别,qū bié,動,区別（する） 差異,qu1 bie2,12
4,,森林,sēn lín,名,森林,se1n li2n,12
4,,生活,shēng huó,名,生活,she1ng huo2,12
3,113,刷牙,shuā yá,動,歯を磨く,shua1 ya2,12
4,,说明,shuō míng,動,説明する 証明する,shuo1 mi2ng,12
3,4259,虽然,suī rán,接,…ではある（けれども…）,sui1 ra2n,12
3,119,突然,tūrán,形,突然である,tu1ra2n,12
4,,推迟,tuī chí,動,延期する,tui1 chi2,12
4,,心情,xīn qíng,名,心情 気持ち,xi1n qi2ng,12
3,128,新闻,xīn wén,名,ニュース,xi1n we2n,12
3,4277,相同,xiāng tóng,形,同じである,xia1ng to2ng,12
3,4287,要求,yāo qiú,動,要求する,ya1o qiu2,12
3,4294,一直,yī zhí,副,ずっとまっすぐ,yi1 zhi2,12
4,,支持,zhī chí,動,支持 サポート（する）,zhi1 chi2,12
1,32,中国,Zhōng guó,名固,中国,Zho1ng guo2,12
4,,中文,Zhōng wén,名,中国語,Zho1ng we2n,12
3,4308,终于,zhōng yú,副,ついに,zho1ng yu2,12
4,,周围,zhōu wéi,名,まわり 周囲,zho1u we2i,12
4,,专门,zhuān mén,名,専門,zhua1n me2n,12
3,4135,宾馆,bīn guǎn,名,ホテル,bi1n gua3n,13
4,,标准,biāo zhǔn,名,標準,bia1o zhu3n,13
1,3916,多少,duō shǎo,代,いくら（数量を問う） いくらか（不定の数量）,duo1 sha3o,13
4,,发展,fā zhǎn,動,発展する,fa1 zha3n,13
4,,方法,fāng fǎ,名,方法,fa1ng fa3,13
4,,风景,fēng jǐng,名,風景,fe1ng ji3ng,13
4,,公里,gōng lǐ,量,…キロメートル,go1ng li3,13
3,4184,黑板,hēi bǎn,名,黒板,he1i ba3n,13
2,4040,机场,jī chǎng,名,空港,ji1 cha3ng,13
4,,基础,jī chǔ,名,基礎,ji1 chu3,13
4,,积累,jī lěi,動,蓄積（する）,ji1 le3i,13
4,,精彩,jīng cǎi,形,精彩を放っている すばらしい,ji1ng ca3i,13
3,4206,经理,jīng lǐ,名,社長 経営者 経営する 管理する,ji1ng li3,13
2,4048,开始,kāi shǐ,動,開始する,ka1i shi3,13
3,4242,铅笔,qiān bǐ,名,鉛筆,qia1n bi3,13
4,,缺点,quē diǎn,名,欠点 弱点,que1 dia3n,13
4,,缺少,quē shǎo,動,欠けている 足りない,que1 sha3o,13
4,,申请,shēn qǐng,動,申請（する）,she1n qi3ng,13
2,4073,身体,shēn tǐ,名,身体,she1n ti3,13
4,,危险,wēi xiǎn,形,危険である,we1i xia3n,13
4,,污染,wū rǎn,動,汚染（する）,wu1 ra3n,13
4,,吸引,xī yǐn,動,引きつける（感情や注意を）,xi1 yi3n,13
4,,辛苦,xīn kǔ,形,骨が折れる 苦労する,xi1n ku3,13
4,,相反,xiāng fǎn,形,相反している,xia1ng fa3n,13
4,,邀请,yāo qǐng,動,招く 招待（する）,ya1o qi3ng,13
4,,因此,yīn cǐ,接,これによって それゆえ,yi1n ci3,13
4,,优点,yōu diǎn,名,利点 優れている所,yo1u dia3n,13
4,,增长,zēng zhǎng,動,成長する 増大する,ze1ng zha3ng,13
1,4005,中午,zhōng wǔ,名,正午 昼,zho1ng wu3,13
3,4124,安静,ān jìng,形,静かである,a1n ji4ng,14
2,4012,帮助,bāng zhù,動,助ける 援助する,ba1ng zhu4,14
4,,包括,bāo kuò,動,含む 包含する,ba1o kuo4,14
4,,超过,chāo guò,動,超える 追い越す,cha1o guo4,14
3,4141,超市,chāo shì,名,スーパーマーケット,cha1o shi4,14
3,4145,出现,chū xiàn,動,出現する,chu1 xia4n,14
4,,当地,dāng dì,名,当地 現地,da1ng di4,14
3,4162,发现,fā xiàn,動,発見する,fa1 xia4n,14
4,,翻译,fān yì,動,翻訳する,fa1n yi4,14
3,4163,方便,fāng biàn,形,便利である,fa1ng bia4n,14
4,,方面,fāng miàn,名,方面,fa1ng mia4n,14
4,,方向,fāng xiàng,名,方向 方角,fa1ng xia4ng,14
4,,丰富,fēng fù,形,豊富である,fe1ng fu4,14
3,4168,干净,gān jìng,形,きれいである,ga1n ji4ng,14
4,,干燥,gān zào,形,乾燥している,ga1n za4o,14
1,3922,高兴,gāo xìng,形,うれしい,ga1o xi4ng,14
3,4171,根据,gēn jù,介,…によると,ge1n ju4,14
4,,工具,gōng jù,名,工具,go1ng ju4,14
1,3923,工作,gōng zuò,動,仕事をする,go1ng zuo4,14
4,,估计,gū jì,動,見積もる 推定する,gu1 ji4,14
4,,关键,guān jiàn,名,カギ（物事の） キーポイント,gua1n jia4n,14
3,4177,关系,guān xì,名,関係,gua1n xi4,14
4,,观众,guān zhòng,名,観衆 見物人,gua1n zho4ng,14
4,,规定,guī dìng,名,規定 規則,gui1 di4ng,14
2,4041,鸡蛋,jī dàn,名,鶏卵,ji1 da4n,14
4,,激动,jī dòng,動,興奮する 感動させる,ji1 do4ng,14
3,10354,机会,jī huì,名,機会,ji1 hui4,14
3,90,经过,jīng guò,動,（ある場所を）通過する 経験する,ji1ng guo4,14
4,,经济,jīng jì,名,経済,ji1ng ji4,14
4,,京剧,jīng jù,名,京劇,ji1ng ju4,14
4,,经历,jīng lì,動,経験（する） 経歴,ji1ng li4,14
4,,经验,jīng yàn,名,経験,ji1ng ya4n,14
4,,家具,jiā jù,名,家具,jia1 ju4,14
4,,骄傲,jiāo ào,形,傲慢な 誇りとする,jia1o a4o,14
4,,接受,jiē shòu,動,受けいれる 認める 受け取る,jie1 sho4u,14
3,87,街道,jiēdào,名,大通り 街路,jie1da4o,14
4,,究竟,jiū jìng,副,結局 いったい,jiu1 ji4ng,14
4,,空气,kōng qì,名,空気,ko1ng qi4,14
4,,千万,qiān wàn,副,ぜひとも くれぐれも,qia1n wa4n,14
4,,签证,qiān zhèng,名,ビザ,qia1n zhe4ng,14
1,3965,商店,shāng diàn,名,商店,sha1ng dia4n,14
2,4074,生病,shēng bìng,動,病気になる,she1ng bi4ng,14
4,,生命,shēng mìng,名,生命,she1ng mi4ng,14
3,4252,生气,shēng qì,動,怒る,she1ng qi4,14
2,4075,生日,shēng rì,名,誕生日,she1ng ri4,14
4,,失败,shī bài,動,失敗（する）,shi1 ba4i,14
4,,湿润,shī rùn,形,湿潤な,shi1 ru4n,14
4,,失望,shī wàng,動,失望（する）,shi1 wa4ng,14
4,,收入,shōu rù,動,受け入れる収入,sho1u ru4,14
1,3975,说话,shuō huà,動,話す,shuo1 hua4,14
1,3979,天气,tiān qì,名,天気,tia1n qi4,14
4,,通过,tōng guò,介,…を通じて通過する,to1ng guo4,14
4,,温度,wēn dù,名,温度,we1n du4,14
2,4089,希望,xī wàng,動,希望する,xi1 wa4ng,14
4,,兴奋,xīng fèn,動,興奮する,xi1ng fe4n,14
3,4278,相信,xiāng xìn,動,信じる,xia1ng xi4n,14
3,4285,需要,xū yào,動,必要とする,xu1 ya4o,14
4,,压力,yālì,名,圧力,ya1li4,14
4,,一切,yī qiè,代,いっさい すべて,yi1 qie4,14
1,4000,医院,yī yuàn,名,病院,yi1 yua4n,14
2,4105,因为,yīn wèi,接,…なので,yi1n we4i,14
3,4297,音乐,yīn yuè,名,音楽,yi1n yue4,14
4,,幽默,yōu mò,形,ユーモア（のある）,yo1u mo4,14
4,,优秀,yōu xiù,形,優秀な,yo1u xiu4,14
4,,约会,yuē huì,名,会う約束,yue1 hui4,14
4,,招聘,zhāo pìn,動,招聘 求人（する）,zha1o pi4n,14
4,,真正,zhēn zhèng,形,本当の 本当に,zhe1n zhe4ng,14
2,4117,知道,zhī dào,動,知る 知っている．,zhi1 da4o,14
3,4311,周末,zhōu mò,名,週末 ウィークエンド,zho1u mo4,14
4,,专业,zhuān yè,名,専攻 専門,zhua1n ye4,14
4,,尊重,zūn zhòng,動,尊重する,zu1n zho4ng,14
1,3899,杯子,bēi zi,名,コップ さかずき,be1i zi5,15
4,,窗户,chuāng hu,名,窓,chua1ng hu5,15
3,4148,聪明,cōng ming,形,聡明である 賢い,co1ng ming5,15
1,3,东西,dōng xi,名,品物,do1ng xi5,15
3,76,多么,duō me,副,なんと… どんなに（…でも）,duo1 me5,15
2,4029,哥哥,gē ge,名,お兄さん 兄,ge1 ge5,15
1,3946,妈妈,mā ma,名,お母さん,ma1 ma5,15
2,4067,妻子,qī zi,名,妻 妻子,qi1 zi5,15
4,,亲戚,qīn qi,名,親戚,qi1n qi5,15
3,109,清楚,qīng chu,形,はっきりしている,qi1ng chu5,15
4,,商量,shāng liang,動,相談する,sha1ng liang5,15
4,,师傅,shī fu,名,師 師匠（技芸を持つ人への尊称）,shi1 fu5,15
4,,收拾,shōu shi,動,片づける,sho1u shi5,15
3,4256,舒服,shū fu,形,心地よい 気持ちよい,shu1 fu5,15
3,4255,叔叔,shū shu,名,おじさん 父親の弟,shu1 shu5,15
1,3986,先生,xiān sheng,名,男性に対する敬称（…さん）,xia1n sheng5,15
4,,消息,xiāo xi,名,情報 ニュース 便り,xia1o xi5,15
2,4094,休息,xiū xi,動,休憩する,xiu1 xi5,15
1,3998,衣服,yī fu,名,服,yi1 fu5,15
4,,知识,zhī shi,名,知識,zhi1 shi5,15
1,4007,桌子,zhuō zi,名,机 テーブル,zhuo1 zi5,15
4,,长江,Cháng jiāng,名固,長江,Cha2ng jia1ng,21
4,,成功,chéng gōng,動,成功する,che2ng go1ng,21
4,,重新,chóng xīn,副,新たに もう一度,cho2ng xi1n,21
4,,传真,chuán zhēn,名,ファックス,chua2n zhe1n,21
2,4025,房间,fáng jiān,名,部屋,fa2ng jia1n,21
3,4179,国家,guó jiā,名,国家,guo2 jia1,21
4,,航班,háng bān,名,フライト（飛行機の）,ha2ng ba1n,21
3,4202,结婚,jié hūn,動,結婚する,jie2 hu1n,21
4,,节约,jiéyuē,動,節約（する）,jie2yue1,21
3,4218,离开,lí kāi,動,離れる 別れる,li2 ka1i,21
3,4223,邻居,lín jū,名,隣近所の人,li2n ju1,21
4,,聊天,liáo tiān,動,おしゃべりする チャットする,lia2o tia1n,21
4,,毛巾,máo jīn,名,タオル,ma2o ji1n,21
1,3952,明天,míng tiān,名,明日,mi2ng tia1n,21
3,4233,年轻,nián qīng,形,若い,nia2n qi1ng,21
4,,农村,nóng cūn,名,農村,no2ng cu1n,21
3,4235,爬山,pá shān,動,登山（する）,pa2 sha1n,21
2,4063,旁边,páng biān,名,かたわら そば,pa2ng bia1n,21
4,,皮肤,pí fū,名,皮膚 肌,pi2 fu1,21
3,107,其他,qí tā,代,その他（の）,qi2 ta1,21
4,,其中,qí zhōng,名,その中,qi2 zho1ng,21
4,,十分,shí fēn,副,十分に,shi2 fe1n,21
2,4076,时间,shí jiān,名,時間 時刻,shi2 jia1n,21
4,,熟悉,shú xī,動,熟知（する している）,shu2 xi1,21
3,4263,提高,tí gāo,動,高くする,ti2 ga1o,21
4,,提供,tí gōng,動,提供（する）,ti2 go1ng,21
4,,文章,wén zhāng,名,文章,we2n zha1ng,21
3,130,熊猫,xióng māo,名,パンダ,xio2ng ma1o,21
4,,牙膏,yá gāo,名,歯みがき粉,ya2 ga1o,21
4,,阳光,yáng guāng,名,日光 太陽光線,ya2ng gua1ng,21
4,,原因,yuán yīn,名,原因,yua2n yi1n,21
4,,直接,zhí jiē,形,直接の 直に,zhi2 jie1,21
1,4008,昨天,zuó tiān,名,昨日,zuo2 tia1n,21
4,,长城,Cháng chéng,名固,長城 万里の長城,Cha2ng che2ng,22
4,,诚实,chéng shí,形,誠実な,che2ng shi2,22
4,,成熟,chéng shú,形,成熟した 熟する,che2ng shu2,22
4,,成为,chéng wéi,動,…になる …となる,che2ng we2i,22
3,4147,厨房,chú fáng,名,台所,chu2 fa2ng,22
4,,从来,cóng lái,副,これまでずっと,co2ng la2i,22
4,,儿童,ér tóng,名,児童,e2r to2ng,22
4,,符合,fú hé,動,符合する ぴったり合う,fu2 he2,22
4,,合格,hé gé,形,合格する,he2 ge2,22
4,,怀疑,huái yí,動,疑う 懐疑 疑惑,hua2i yi2,22
2,4039,回答,huí dá,動,回答する 答える,hui2 da2,22
4,,集合,jí hé,動,集合する,ji2 he2,22
4,,极其,jí qí,副,きわめて,ji2 qi2,22
4,,及时,jí shí,形,ちょうどよい時に 早速,ji2 shi2,22
4,,流行,liú xíng,動,流行する,liu2 xi2ng,22
4,,留学,liú xué,動,留学（する）,liu2 xue2,22
4,,民族,mín zú,名,民族,mi2n zu2,22
2,10334,男人,nán rén,名,男性 夫,na2n re2n,22
3,4232,年级,nián jí,名,学年,nia2n ji2,22
4,,年龄,nián líng,名,年齢,nia2n li2ng,22
4,,平时,píng shí,副,平時 ふだん,pi2ng shi2,22
3,4240,其实,qí shí,副,実際は,qi2 shi2,22
4,,然而,rá nér,接,しかし,ra2 ne2r,22
4,,仍然,réng rán,副,依然として やはり,re2ng ra2n,22
4,,提前,tí qián,動,前倒しする 繰り上げる,ti2 qia2n,22
4,,同情,tóng qíng,動,同情（する）,to2ng qi2ng,22
1,3981,同学,tóng xué,名,学友,to2ng xue2,22
3,,完成,wán chéng,動,完成する,wa2n che2ng,22
4,,完全,wán quán,形,完全である,wa2n qua2n,22
4,,无聊,wú liáo,形,退屈な つまらない 無聊な,wu2 lia2o,22
1,3995,学习,xué xí,動,学習する,xue2 xi2,22
4,,严格,yán gé,形,厳格な,ya2n ge2,22
3,4298,银行,yín háng,名,銀行,yi2n ha2ng,22
4,,尤其,yóu qí,副,とりわけ,yo2u qi2,22
4,,由于,yóu yú,接,[介]…によって [接]…なので,yo2u yu2,22
4,,原来,yuán lái,形,もとの 元通りの,yua2n la2i,22
3,4307,着急,zháo jí,動,焦る いらいらする,zha2o ji2,22
4,,词典,cí diǎn,名,辞典,ci2 dia3n,23
3,66,词语,cí yǔ,名,字句 語句,ci2 yu3,23
3,77,而且,ér qiě,接,そのうえ,e2r qie3,23
4,,烦恼,fán nǎo,動,悩む 煩悩,fa2n na3o,23
4,,即使,jí shǐ,接,たとえ…だとしても,ji2 shi3,23
2,4062,牛奶,niú nǎi,名,牛乳,niu2 na3i,23
3,4238,啤酒,pí jiǔ,名,ビール,pi2 jiu3,23
1,3958,苹果,píng guǒ,名,りんご,pi2ng guo3,23
3,4249,如果,rú guǒ,接,もしも…ならば,ru2 guo3,23
4,,食品,shí pǐn,名,食品,shi2 pi3n,23
4,,提醒,tí xǐng,動,気づかせる （忘れないように）注意する,ti2 xi3ng,23
4,,停止,tíng zhǐ,動,停止（する）,ti2ng zhi3,23
2,4106,游泳,yóu yǒng,動,水泳する,yo2u yo3ng,23
4,,博士,bó shì,名,博士,bo2 shi4,24
4,,不但,bú dàn,接,…ばかりでなく,bu2 da4n,24
4,,不过,bú guò,接,しかし けど,bu2 guo4,24
4,,材料,cái liào,名,材料,ca2i lia4o,24
3,4143,成绩,chéng jì,名,成績,che2ng ji4,24
3,4144,城市,chéng shì,名,都会 都市,che2ng shi4,24
4,,乘坐,chéng zuò,動,乗る（乗り物に）,che2ng zuo4,24
3,4146,迟到,chí dào,動,遅刻する,chi2 da4o,24
4,,答案,dá àn,名,答案,da2 a4n,24
4,,得意,dé yì,形,得意げな,de2 yi4,24
4,,国际,guó jì,名,国際,guo2 ji4,24
3,,还是,hái shì,副,依然として （比較して）やはり それとも,ha2i shi4,24
4,,寒假,hán jià,名,冬休み,ha2n jia4,24
4,,合适,hé shì,形,ぴったりしている 適当である,he2 shi4,24
3,4190,环境,huán jìng,名,環境,hua2n ji4ng,24
4,,回忆,huí yì,動,思い出す,hui2 yi4,24
4,,活动,huó dòng,動,運動する 活動する,huo2 do4ng,24
3,4201,节目,jié mù,名,番組 プログラム,jie2 mu4,24
3,88,节日,jié rì,名,記念日 祝日,jie2 ri4,24
3,4203,结束,jié shù,動,終わる けりがつく,jie2 shu4,24
3,4208,决定,jué dìng,動,決定する,jue2 di4ng,24
4,,联系,lián xì,動,連絡する 結びつける,lia2n xi4,24
4,,流泪,liú lèi,動,涙を流す,liu2 le4i,24
4,,流利,liú lì,形,流暢な なめらかな,liu2 li4,24
4,,难道,nán dào,副,まさか…ではあるまい,na2n da4o,24
3,4231,难过,nán guò,形,悲しい,na2n guo4,24
4,,难受,nán shòu,形,つらい 体調が悪い,na2n sho4u,24
4,,能力,néng lì,名,能力,ne2ng li4,24
4,,排列,pái liè,名,配列 順列,pa2i lie4,24
4,,其次,qí cì,副,次二番目は,qi2 ci4,24
3,108,奇怪,qí guài,形,おかしい 奇怪である,qi2 gua4i,24
4,,情况,qíng kuàng,名,情況,qi2ng kua4ng,24
1,17,前面,qián miàn,名,前 前方,qia2n mia4n,24
4,,全部,quán bù,名,全部,qua2n bu4,24
3,4244,然后,rán hòu,副,それから その後 そして,ra2n ho4u,24
3,4248,容易,róng yì,形,容易である,ro2ng yi4,24
4,,实际,shí jì,形,実際の,shi2 ji4,24
4,,实在,shí zài,形,本当に 実在の,shi2 za4i,24
4,,随便,suí biàn,形,自由気ままである,sui2 bia4n,24
4,,填空,tián kòng,動,空白を埋める 充填する,tia2n ko4ng,24
4,,条件,tiáo jiàn,名,条件,tia2o jia4n,24
3,4266,同事,tóng shì,名,同僚,to2ng shi4,24
3,4267,同意,tóng yì,動,同意する,to2ng yi4,24
3,122,文化,wén huà,名,文化,we2n hua4,24
4,,无论,wú lùn,接,…にかかわりなく,wu2 lu4n,24
3,4274,习惯,xí guàn,名,習慣,xi2 gua4n,24
4,,详细,xiáng xì,形,詳細な 詳しい,xia2ng xi4,24
1,3996,学校,xué xiào,名,学校,xue2 xia4o,24
2,4096,颜色,yán sè,名,色,ya2n se4,24
4,,严重,yán zhòng,形,厳重な 深刻な,ya2n zho4ng,24
2,4098,羊肉,yáng ròu,名,羊肉,ya2ng ro4u,24
3,4290,一定,yí dìng,副,必ず きっと,yi2 di4ng,24
3,4291,一共,yí gòng,副,全部で 合わせて,yi2 go4ng,24
3,4293,一样,yí yàng,形,同じである 似ている,yi2 ya4ng,24
3,135,游戏,yóu xì,名,遊び,yo2u xi4,24
4,,愉快,yú kuài,形,愉快である 楽しい,yu2 kua4i,24
4,,于是,yú shì,接,そこで それで,yu2 shi4,24
4,,原谅,yuán liàng,動,許す,yua2n lia4ng,24
4,,杂志,zá zhì,名,雑誌,za2 zhi4,24
4,,责任,zé rèn,名,責任,ze2 re4n,24
4,,植物,zhí wù,名,植物,zhi2 wu4,24
4,,职业,zhí yè,名,職業,zhi2 ye4,24
4,,逐渐,zhú jiàn,副,しだいに だんだんと,zhu2 jia4n,24
3,60,鼻子,bí zi,名,鼻,bi2 zi5,25
3,61,别人,bié ren,名,他人 ひと様 ほかの人一般,bie2 ren5,25
3,64,除了,chú le,介,…以外は …を除いて,chu2 le5,25
1,3917,儿子,ér zi,名,息子,e2r zi5,25
2,4035,孩子,hái zi,名,子供,ha2i zi5,25
4,,盒子,hé zi,名,小箱 ケース,he2 zi5,25
4,,猴子,hóu zi,名,サル,ho2u zi5,25
4,,活泼,huó po,形,活発な,huo2 po5,25
2,4046,觉得,jué de,動,感じる 思う,jue2 de5,25
4,,咳嗽,ké sou,動,咳をする,ke2 sou5,25
4,,凉快,liáng kuai,形,涼しい,lia2ng kuai5,25
4,,麻烦,má fan,動,迷惑をかける,ma2 fan5,25
3,103,明白,míng bai,形,明白なわかる,mi2ng bai5,25
1,3951,名字,míng zi,名,名前,mi2ng zi5,25
3,4236,盘子,pán zi,名,大きな皿,pa2n zi5,25
1,3956,朋友,péng you,名,友人,pe2ng you5,25
4,,瓶子,píng zi,名,瓶,pi2ng zi5,25
2,4065,便宜,pián yi,形,安い（値段が）,pia2n yi5,25
3,4239,葡萄,pú tao,名,葡萄,pu2 tao5,25
3,4243,裙子,qún zi,名,スカート,qu2n zi5,25
1,3969,什么,shén me,代,何 どんな,she2n me5,25
1,3970,时候,shí hou,名,時刻 時,shi2 hou5,25
4,,随着,suí zhe,介,…にしたがって,sui2 zhe5,25
3,118,头发,tóu fa,名,髪の毛,to2u fa5,25
1,3994,学生,xué sheng,名,学生,xue2 sheng5,25
3,4288,爷爷,yé ye,名,祖父（父方の）,ye2 ye5,25
4,,咱们,zán men,代,自分たち（聞き手を含める）,za2n men5,25
4,,值得,zhí de,動,値打ちがある,zhi2 de5,25
3,58,北方,běi fāng,名,北方,be3i fa1ng,31
1,3900,北京,Běi jīng,名固,北京,Be3i ji1ng,31
4,,饼干,bǐng gān,名,ビスケット,bi3ng ga1n,31
4,,打针,dǎ zhēn,動,注射する,da3 zhe1n,31
4,,堵车,dǔ chē,動,渋滞（する）,du3 che1,31
4,,广播,guǎng bō,動,放送する,gua3ng bo1,31
3,4180,果汁,guǒ zhī,名,果汁 フルーツジュース,guo3 zhi1,31
2,4036,好吃,hǎo chī,形,おいしい,ha3o chi1,31
4,,紧张,jǐn zhāng,形,緊張している,ji3n zha1ng,31
3,4197,简单,jiǎn dān,形,簡単である,jia3n da1n,31
4,,奖金,jiǎng jīn,名,賞金 賞与,jia3ng ji1n,31
4,,可惜,kě xī,形,惜しいことに,ke3 xi1,31
1,3940,老师,lǎo shī,名,先生（師事する）,la3o shi1,31
4,,母亲,mǔ qīn,名,母 母親,mu3 qi1n,31
4,,起飞,qǐ fēi,動,離陸（する）,qi3 fe1i,31
4,,首都,shǒu dū,名,首都,sho3u du1,31
2,4079,手机,shǒu jī,名,携帯電話,sho3u ji1,31
4,,首先,shǒu xiān,副,まずはじめに,sho3u xia1n,31
4,,小说,xiǎo shuō,名,小説,xia3o shuo1,31
3,127,小心,xiǎo xīn,動,注意する 気をつける,xia3o xi1n,31
4,,许多,xǔ duō,形,たくさんの,xu3 duo1,31
4,,演出,yǎn chū,動,上演する,ya3n chu1,31
2,4101,已经,yǐ jīng,副,すでに,yi3 ji1ng,31
4,,组织,zǔ zhī,動,組織する,zu3 zhi1,31
4,,本来,běn lái,副,本来（は）,be3n la2i,32
4,,表达,biǎo dá,動,表現 表明（する）,bia3o da2,32
4,,表格,biǎo gé,名,表,bia3o ge2,32
4,,表扬,biǎo yáng,動,表彰する,bia3o ya2ng,32
4,,打折,dǎ zhé,動,割引する,da3 zhe2,32
4,,导游,dǎo yóu,名,旅行のガイド（をする）,da3o yo2u,32
4,,否则,fǒu zé,接,さもなければ,fo3u ze2,32
4,,感觉,gǎn jué,動,感覚 感じる …と思う,ga3n jue2,32
4,,感情,gǎn qíng,名,感情,ga3n qi2ng,32
4,,果然,guǒ rán,副,やはり 果たして,guo3 ra2n,32
4,,海洋,hǎi yáng,名,海洋,ha3i ya2ng,32
4,,警察,jǐng chá,名,警察,ji3ng cha2,32
3,4196,检查,jiǎn chá,動,検査する 点検する,jia3n cha2,32
4,,减肥,jiǎn féi,動,ダイエット（する）,jia3n fe2i,32
3,4204,解决,jiě jué,動,解決する,jie3 jue2,32
3,4207,举行,jǔ xíng,動,挙行する 行う,ju3 xi2ng,32
4,,可怜,kě lián,形,哀れな かわいそうな,ke3 lia2n,32
2,4050,可能,kě néng,能,おそらく …かもしれない,ke3 ne2ng,32
2,4057,旅游,lǚ yóu,動,観光旅行（をする）,lü3 yo2u,32
1,3955,女儿,nǚ ér,名,娘 女の子,nü3 e2r,32
2,10332,女人,nǚ rén,名,女性 妻,nü3 re2n,32
2,4068,起床,qǐ chuáng,動,起床する,qi3 chua2ng,32
3,115,水平,shuǐ píng,名,水準 レベル,shui3 pi2ng,32
4,,网球,wǎng qiú,名,テニス,wa3ng qiu2,32
2,4091,小时,xiǎo shí,名,時間,xia3o shi2,32
3,4286,选择,xuǎn zé,動,選択（する）,xua3n ze2,32
4,,演员,yǎn yuán,名,俳優 役者,ya3n yua2n,32
4,,养成,yǎng chéng,動,養成（する） （習慣を）身につける,ya3ng che2ng,32
3,4296,以前,yǐ qián,名,以前 昔,yi3 qia2n,32
3,133,以为,yǐ wéi,動,…と考える 思う,yi3 we2i,32
3,136,有名,yǒu míng,形,有名である,yo3u mi2ng,32
4,,语言,yǔ yán,名,言語 言葉,yu3 ya2n,32
4,,整齐,zhěng qí,形,整然としている,zhe3ng qi2,32
4,,准时,zhǔn shí,副,時間どおりに 時間に厳格な,zhu3n shi2,32
4,,总结,zǒng jié,動,総括する まとめる,zo3ng jie2,32
4,,组成,zǔ chéng,動,組成 構成（する）,zu3 che2ng,32
3,4134,表演,biǎo yǎn,動,演じる,bia3o ya3n,33
4,,打扰,dǎ rǎo,動,邪魔をする,da3 ra3o,33
3,4149,打扫,dǎ sǎo,動,掃除をする,da3 sa3o,33
4,,鼓掌,gǔ zhǎng,動,拍手する,gu3 zha3ng,33
4,,管理,guǎn lǐ,動,管理 監督（する）,gua3n li3,33
4,,尽管,jǐn guǎn,接,…にかかわらず いくらでも,ji3n gua3n,33
4,,减少,jiǎn shǎo,動,減少（する） 減らす,jia3n sha3o,33
2,4051,可以,kě yǐ,能,…できる（客観的な条件で許されている）,ke3 yi3,33
4,,老虎,lǎo hǔ,名,トラ,la3o hu3,33
4,,理解,lǐ jiě,動,理解（する）,li3 jie3,33
4,,理想,lǐ xiǎng,名,理想,li3 xia3ng,33
3,4222,了解,liǎo jiě,動,理解する 調べる,lia3o jie3,33
4,,偶尔,ǒu ěr,副,たまに,o3u e3r,33
2,4078,手表,shǒu biǎo,名,腕時計,sho3u bia3o,33
2,3973,水果,shuǐ guǒ,名,果物,shui3 guo3,33
4,,所有,suǒ yǒu,形,すべての,suo3 yo3u,33
2,4081,所以,suǒyǐ,接,だから ゆえに,suo3yi3,33
4,,往往,wǎng wǎng,副,常に いつも,wa3ng wa3ng,33
3,4275,洗澡,xǐ zǎo,動,入浴する,xi3 za3o,33
4,,也许,yě xǔ,副,…かもしれない,ye3 xu3,33
4,,引起,yǐn qǐ,動,引き起こす もたらす,yi3n qi3,33
3,4299,影响,yǐng xiǎng,動,影響を与える,yi3ng xia3ng,33
4,,勇敢,yǒng gǎn,形,勇敢な,yo3ng ga3n,33
4,,永远,yǒng yuǎn,副,いつまでも 永遠に,yo3ng yua3n,33
4,,友好,yǒu hǎo,形,友好的である,yo3u ha3o,33
4,,语法,yǔ fǎ,名,文法,yu3 fa3,33
4,,允许,yǔn xǔ,動,許容（する）,yu3n xu3,33
4,,整理,zhěng lǐ,動,整理する,zhe3ng li3,33
4,,只好,zhǐ hǎo,副,…するより他はない やむなく,zhi3 ha3o,33
4,,保护,bǎo hù,動,保護（する）,ba3o hu4,34
4,,保证,bǎo zhèng,動,保証（する）,ba3o zhe4ng,34
3,10350,比较,bǐ jiào,動,比較する,bi3 jia4o,34
3,4131,比赛,bǐ sài,動,試合する,bi3 sa4i,34
3,10351,表示,biǎo shì,動,表示する 示す 表す,bia3o shi4,34
3,4150,打算,dǎ suàn,動,…するつもりだ,da3 sua4n,34
4,,打印,dǎ yìn,動,捺印 印刷（する）,da3 yi4n,34
4,,法律,fǎ lǜ,名,法律,fa3 lü4,34
4,,反对,fǎn duì,動,反対する,fa3n dui4,34
4,,反映,fǎn yìng,動,反映（する） 報告（する）,fa3n yi4ng,34
4,,访问,fǎng wèn,動,訪問する,fa3ng we4n,34
4,,改变,gǎi biàn,動,変わる 変える,ga3i bia4n,34
4,,感动,gǎn dòng,動,感動（する）,ga3n do4ng,34
3,4169,感冒,gǎn mào,動,風邪をひく,ga3n ma4o,34
4,,感谢,gǎn xiè,動,感謝する,ga3n xie4,34
4,,鼓励,gǔ lì,動,励ます 激励する,gu3 li4,34
4,,广告,guǎng gào,名,広告 宣伝,gua3ng ga4o,34
4,,好像,hǎo xiàng,副,ちょうど…のようである,ha3o xia4ng,34
4,,解释,jiě shì,動,解釈 釈明 説明（する）,jie3 shi4,34
4,,举办,jǔ bàn,動,行う（活動を）,ju3 ba4n,34
4,,考虑,kǎo lǜ,動,考慮する,ka3o lü4,34
2,4049,考试,kǎo shì,動,試験をする,ka3o shi4,34
3,4209,可爱,kě ài,形,可愛い,ke3 a4i,34
4,,可是,kě shì,接,しかし けれど,ke3 shi4,34
4,,肯定,kěn dìng,副,確かに 間違いなく,ke3n di4ng,34
4,,恐怕,kǒng pà,副,たぶん おそらく,ko3ng pa4,34
4,,冷静,lěng jìng,形,冷静な,le3ng ji4ng,34
4,,理发,lǐ fà,動,散髪する,li3 fa4,34
4,,礼貌,lǐ mào,形,礼儀（正しい）,li3 ma4o,34
3,4219,礼物,lǐ wù,名,贈り物,li3 wu4,34
2,4224,马上,mǎ shàng,副,すぐさま ただちに,ma3 sha4ng,34
3,4225,满意,mǎn yì,形,満足している（気分的に）,ma3n yi4,34
4,,美丽,měi lì,形,美しい,me3i li4,34
1,3950,米饭,mǐ fàn,名,ごはん（米の）,mi3 fa4n,34
4,,免费,miǎn fèi,形,無料の,mia3n fe4i,34
3,4234,努力,nǔ lì,形,努力している 一生懸命である,nu3 li4,34
2,4064,跑步,pǎo bù,動,ジョギングをする,pa3o bu4,34
4,,普遍,pǔ biàn,形,普遍的な 普及している,pu3 bia4n,34
4,,请假,qǐng jià,動,休みを取る,qi3ng jia4,34
4,,请客,qǐng kè,動,ごちそうする 客を招待する,qi3ng ke4,34
4,,使用,shǐ yòng,動,使用する 使う,shi3 yo4ng,34
4,,讨论,tǎo lùn,動,討論する,ta3o lu4n,34
4,,讨厌,tǎo yàn,形,いやらしい きらう,ta3o ya4n,34
3,4264,体育,tǐ yù,名,体育,ti3 yu4,34
4,,网站,wǎng zhàn,名,ウェブサイト,wa3ng zha4n,34
3,131,眼镜,yǎn jìng,名,めがね,ya3n ji4ng,34
3,4295,以后,yǐ hòu,名,その後 今後,yi3 ho4u,34
4,,饮料,yǐn liào,名,飲み物,yi3n lia4o,34
4,,有趣,yǒu qù,形,面白い 興味深い,yo3u qu4,34
4,,友谊,yǒu yì,名,友情,yo3u yi4,34
4,,只要,zhǐ yào,接,…さえあれば,zhi3 ya4o,34
4,,主动,zhǔ dòng,形,自発的な 能動的な,zhu3 do4ng,34
3,10359,主要,zhǔ yào,形,主要な,zhu3 ya4o,34
2,4118,准备,zhǔn bèi,動,準備する …するつもりだ,zhu3n be4i,34
4,,准确,zhǔn què,形,正確な,zhu3n que4,34
4,,仔细,zǐ xì,形,仔細な 注意深い,zi3 xi4,34
3,4313,总是,zǒng shì,副,いつも ずっと,zo3ng shi4,34
4,,打扮,dǎ ban,動,装う 化粧する,da3 ban5,35
3,4160,耳朵,ěr duo,名,耳,e3r duo5,35
4,,好处,hǎo chu,名,利点,ha3o chu5,35
4,,饺子,jiǎo zi,名,ぎょうざ,jia3o zi5,35
2,50,姐姐,jiě jie,名,お姉さん 姉,jie3 jie5,35
4,,马虎,mǎ hu,形,ぼんやりしている,ma3 hu5,35
1,11,哪儿,nǎ r,代,どこ どこの,na3 r5,35
3,4229,奶奶,nǎi nai,名,祖母（父方の）,na3i nai5,35
4,,暖和,nuǎn huo,形,暖かい,nua3n huo5,35
2,4085,晚上,wǎn shang,名,晩 夜,wa3n shang5,35
1,26,我们,wǒ men,代,私たち（聞き手を含めず）,wo3 men5,35
1,3983,喜欢,xǐ huan,動,喜ぶ 好む,xi3 huan5,35
1,3990,小姐,xiǎo jie,名,未婚女性への呼びかけ 敬称（英語のMiss…）,xia3o jie5,35
2,4097,眼睛,yǎn jing,名,目,ya3n jing5,35
1,4001,椅子,yǐ zi,名,椅子,yi3 zi5,35
2,4112,早上,zǎo shang,名,朝,za3o shang5,35
1,4003,怎么,zěn me,代,どう なぜ,ze3n me5,35
4,,主意,zhǔ yi,名,考え 意見,zhu3 yi5,35
2,4120,左边,zuǒ bian,名,左（の方）,zuo3 bian5,35
3,4132,必须,bì xū,能,…しなくてはならない,bi4 xu1,41
3,4137,菜单,cài dān,名,メニュー お品書き,ca4i da1n,41
2,4016,唱歌,chàng gē,動,歌をうたう,cha4ng ge1,41
3,4142,衬衫,chèn shān,名,ブラウス シャツ,che4n sha1n,41
2,41,大家,dà jiā,代,みんな,da4 jia1,41
4,,大约,dà yuē,副,だいたい およそ,da4 yue1,41
3,67,蛋糕,dàn gāo,名,ケーキ カステラ,da4n ga1o,41
2,4024,第一,dìyī,数,第一の,di4yi1,41
3,4155,电梯,diàn tī,名,エレベーター,dia4n ti1,41
3,4164,放心,fàng xīn,動,安心する,fa4ng xi1n,41
4,,父亲,fù qīn,名,父 父親,fu4 qi1n,41
4,,害羞,hài xiū,動,恥ずかしがる,ha4i xiu1,41
4,,互相,hù xiāng,副,互いに,hu4 xia1ng,41
4,,竞争,jìng zhēng,動,競争（する）,ji4ng zhe1ng,41
3,4199,健康,jiàn kāng,名,健康,jia4n ka1ng,41
4,,降低,jiàng dī,動,下げる 下がる,jia4ng di1,41
4,,律师,lǜ shī,名,弁護士,lü4 shi1,41
3,102,面包,miàn bāo,名,パン,mia4n ba1o,41
4,,耐心,nài xīn,形,根気がよい,na4i xi1n,41
3,4247,认真,rèn zhēn,形,まじめである 真剣である,re4n zhe1n,41
2,4072,上班,shàng bān,動,出勤する,sha4ng ba1n,41
4,,信心,xìn xīn,名,自信 信念,xi4n xi1n,41
4,,亚洲,Yà zhōu,名固,アジア,Ya4 zho1u,41
3,132,一般,yì bān,形,同じである 普通である,yi4 ba1n,41
3,4289,一边,yì biān,接,一方 片方,yi4 bia1n,41
4,,爱情,ài qíng,名,愛情,a4i qi2ng,42
4,,按时,àn shí,副,時間どおりに,a4n shi2,42
4,,报名,bào míng,動,申し込む,ba4o mi2ng,42
4,,地球,dì qiú,名,地球,di4 qiu2,42
3,4154,地图,dì tú,名,地図,di4 tu2,42
4,,调查,diào chá,動,調査（する）,dia4o cha2,42
4,,范围,fàn wéi,名,範囲,fa4n we2i,42
3,4167,复习,fù xí,動,復習（する）,fu4 xi2,42
4,,复杂,fù zá,形,複雑である,fu4 za2,42
4,,负责,fù zé,動,責任を負う,fu4 ze2,42
4,,共同,gòng tóng,形,共同の 共通の,go4ng to2ng,42
4,,过程,guò chéng,名,過程 プロセス,guo4 che2ng,42
4,,后来,hòu lái,名,後に（なって） 後からくる,ho4u la2i,42
4,,获得,huò dé,動,獲得する,huo4 de2,42
3,4195,季节,jì jié,名,季節 シーズン,ji4 jie2,42
4,,既然,jì rán,接,…したからには …である以上,ji4 ra2n,42
4,,进行,jìn xíng,動,進行する,ji4n xi2ng,42
4,,竟然,jìng rán,副,なんと ところが 意外にも,ji4ng ra2n,42
4,,价格,jià gé,名,価格,jia4 ge2,42
4,,拒绝,jù jué,動,拒絶する,ju4 jue2,42
4,,距离,jù lí,名,距離,ju4 li2,42
3,4212,客人,kè rén,名,客 乗客,ke4 re2n,42
4,,例如,lì rú,接,たとえば,li4 ru2,42
3,4221,练习,liàn xí,動,練習する,lia4n xi2,42
3,4227,面条,miàn tiáo,名,麺類,mia4n tia2o,42
4,,内容,nèi róng,名,内容,ne4i ro2ng,42
2,4071,去年,qù nián,名,去年 昨年,qu4 nia2n,42
4,,确实,què shí,形,確実である,que4 shi2,42
3,4245,热情,rè qíng,形,心がこもっている 親切な熱情 意欲,re4 qi2ng,42
4,,任何,rèn hé,代,いかなる 任意の,re4n he2,42
3,4246,认为,rèn wéi,動,…と認める 思う 考える,re4n we2i,42
4,,适合,shì hé,動,適合（する） ふさわしい,shi4 he2,42
3,10356,数学,shù xué,名,数学,shu4 xue2,42
3,4260,太阳,tài yáng,名,太陽,ta4i ya2ng,42
3,4261,特别,tè bié,形,特別である,te4 bie2,42
2,4087,问题,wèn tí,名,問題,we4n ti2,42
4,,性别,xìng bié,名,性別,xi4ng bie2,42
4,,幸福,xìng fú,形,幸福な,xi4ng fu2,42
4,,性格,xìng gé,名,性格,xi4ng ge2,42
4,,预习,yù xí,動,予習する,yu4 xi2,42
4,,阅读,yuè dú,動,閲読（する） 読む,yue4 du2,42
4,,暂时,zàn shí,副,しばらくのあいだ 当分,za4n shi2,42
4,,正常,zhèng cháng,形,正常な,zhe4ng cha2ng,42
4,,证明,zhèng míng,動,証明する,zhe4ng mi2ng,42
4,,著名,zhù míng,形,著名な,zhu4 mi2ng,42
4,,自然,zì rán,副,自然（に） 当然（に）,zi4 ra2n,42
3,56,办法,bàn fǎ,名,方法 やりかた,ba4n fa3,43
2,4013,报纸,bào zhǐ,名,新聞,ba4o zhi3,43
4,,并且,bìng qiě,接,しかも そのうえ,bi4ng qie3,43
4,,不管,bù guǎn,接,…にかかわらず,bu4 gua3n,43
4,,不仅,bù jǐn,接,…であるのみならず,bu4 ji3n,43
4,,代表,dài biǎo,名,代表,da4i bia3o,43
4,,到底,dào dǐ,副,結局,da4o di3,43
3,4153,地铁,dì tiě,名,地下鉄,di4 tie3,43
4,,地址,dì zhǐ,名,住所,di4 zhi3,43
1,3909,电脑,diàn nǎo,名,パソコン,dia4n na3o,43
1,3911,电影,diàn yǐng,名,映画,dia4n yi3ng,43
1,3919,饭馆,fàn guǎn,名,レストラン,fa4n gua3n,43
1,3925,汉语,Hàn yǔ,名,中国語,Ha4n yu3,43
4,,号码,hào mǎ,名,番号,ha4o ma3,43
4,,后悔,hòu huǐ,動,後悔（する）,ho4u hui3,43
3,4193,或者,huò zhě,接,あるいは,huo4 zhe3,43
4,,记者,jì zhě,名,記者,ji4 zhe3,43
4,,禁止,jìn zhǐ,動,禁止する,ji4n zhi3,43
4,,看法,kàn fǎ,名,見方 見解,ka4n fa3,43
3,4220,历史,lì shǐ,名,歴史,li4 shi3,43
4,,密码,mì mǎ,名,パスワード 暗証番号,mi4 ma3,43
4,,入口,rù kǒu,名,入口,ru4 ko3u,43
3,4251,上网,shàng wǎng,動,インターネットに接続する,sha4ng wa3ng,43
1,3966,上午,shàng wǔ,名,午前,sha4ng wu3,43
4,,市场,shì chǎng,名,市場 マーケット,shi4 cha3ng,43
4,,特点,tè diǎn,名,特徴,te4 dia3n,43
2,4083,跳舞,tiào wǔ,動,ダンスをする,tia4o wu3,43
4,,握手,wò shǒu,動,握手する,wo4 sho3u,43
1,3984,下午,xià wǔ,名,午後,xia4 wu3,43
1,3985,下雨,xià yǔ,動,雨が降る,xia4 yu3,43
4,,效果,xiào guǒ,名,効果,xia4o guo3,43
3,4280,校长,xiào zhǎng,名,校長 学長,xia4o zha3ng,43
2,4102,一起,yì qǐ,副,いっしょに,yi4 qi3,43
4,,正好,zhèng hǎo,形,ちょうど ぴったり,zhe4ng ha3o,43
4,,至少,zhì shǎo,副,少なくとも,zhi4 sha3o,43
4,,重点,zhòng diǎn,名,重点 （てこの）力点,zho4ng dia3n,43
3,4312,字典,zì diǎn,名,字典 辞書,zi4 dia3n,43
3,143,自己,zì jǐ,代,自分,zi4 ji3,43
4,,最好,zuì hǎo,形,最もよい できるだけ…したほうがよい,zui4 ha3o,43
4,,作者,zuò zhě,名,作者 作家 筆者,zuo4 zhe3,43
3,4123,爱好,ài hào,名,趣味 好み,a4i ha4o,44
4,,按照,àn zhào,介,…によって …にもとづいて,a4n zha4o,44
4,,报道,bào dào,名,報道 レポート,ba4o da4o,44
4,,抱歉,bào qiàn,動,すまなく思う,ba4o qia4n,44
4,,毕业,bì yè,動,卒業する,bi4 ye4,44
3,4133,变化,biàn huà,動,変化する,bia4n hua4,44
4,,大概,dàgài,形,おおよその,da4ga4i,44
4,,代替,dài tì,動,代替（する）,da4i ti4,44
2,4020,但是,dàn shì,接,しかし ただし,da4n shi4,44
4,,到处,dào chù,副,いたるところ,da4o chu4,44
4,,道歉,dào qiàn,動,謝る 遺憾の意を表する,da4o qia4n,44
1,3910,电视,diàn shì,名,テレビ,dia4n shi4,44
3,74,动物,dòng wù,名,動物,do4ng wu4,44
4,,动作,dòng zuò,名,動作 行動する,do4ng zuo4,44
3,4158,锻炼,duàn liàn,動,鍛える,dua4n lia4n,44
4,,对话,duì huà,動,対話（する）,dui4 hua4,44
4,,对面,duì miàn,名,反対側 向かい側,dui4 mia4n,44
4,,放弃,fàng qì,動,放棄する あきらめる,fa4ng qi4,44
3,4166,附近,fù jìn,名,近所 付近,fu4 ji4n,44
4,,复印,fù yìn,動,複写する,fu4 yi4n,44
4,,购物,gòu wù,名,買い物,go4u wu4,44
4,,顾客,gù kè,名,顧客,gu4 ke4,44
4,,故意,gù yì,副,故意に,gu4 yi4,44
3,4182,害怕,hài pà,動,恐れる,ha4i pa4,44
3,4185,护照,hù zhào,名,パスポート,hu4 zha4o,44
3,4192,会议,huì yì,名,会議,hui4 yi4,44
4,,计划,jì huà,名,計画,ji4 hua4,44
4,,技术,jì shù,名,技術,ji4 shu4,44
4,,继续,jì xù,動,継続する,ji4 xu4,44
3,4198,见面,jiàn miàn,動,会う,jia4n mia4n,44
2,4042,教室,jiào shì,名,教室,jia4o shi4,44
4,,教授,jiào shòu,名,教授,jia4o sho4u,44
4,,教育,jiào yù,動,教育する,jia4o yu4,44
2,4043,介绍,jiè shào,動,紹介する 説明する,jie4 sha4o,44
1,3937,看见,kàn jiàn,動,見える 目に入る,ka4n jia4n,44
2,4053,快乐,kuài lè,形,楽しい,kua4i le4,44
4,,扩大,kuò dà,動,拡大（する）,kuo4 da4,44
4,,浪费,làng fèi,動,浪費（する）,la4ng fe4i,44
4,,浪漫,làng màn,形,ロマンチックな,la4ng ma4n,44
4,,另外,lìng wài,代,別の ほかの 加えて,li4ng wa4i,44
4,,目的,mù dì,名,目的,mu4 di4,44
4,,判断,pàn duàn,動,判断（する）,pa4n dua4n,44
4,,气候,qì hòu,名,気候,qi4 ho4u,44
4,,日记,rì jì,名,日記,ri4 ji4,44
4,,散步,sàn bù,動,散歩する,sa4n bu4,44
4,,社会,shè huì,名,社会,she4 hui4,44
4,,甚至,shèn zhì,副,…さえ甚だしきにいたっては,she4n zhi4,44
4,,世纪,shì jì,名,世紀,shi4 ji4,44
3,4253,世界,shì jiè,名,世界,shi4 jie4,44
4,,适应,shì yìng,動,適応（する）,shi4 yi4ng,44
4,,数量,shù liàng,名,数量,shu4 lia4ng,44
4,,数字,shù zì,名,数字,shu4 zi4,44
4,,顺便,shùn biàn,副,ついでに,shu4n bia4n,44
4,,顺利,shùn lì,形,順調である,shu4n li4,44
4,,顺序,shùn xù,名,順序順次…,shu4n xu4,44
1,3974,睡觉,shuì jiào,動,眠る,shui4 jia4o,44
4,,硕士,shuò shì,名,修士 マスター,shuo4 shi4,44
4,,速度,sù dù,名,速度 スピード,su4 du4,44
3,4273,忘记,wàng jì,動,忘れる うっかりする,wa4ng ji4,44
4,,味道,wèi dào,名,味,we4i da4o,44
4,,误会,wù huì,動,誤解する,wu4 hui4,44
4,,信任,xìn rèn,動,信用（する）信任,xi4n re4n,44
4,,现代,xiàn dài,名,現代,xia4n da4i,44
4,,羡慕,xiàn mù,動,羨む 羨望する,xia4n mu4,44
1,3987,现在,xiàn zài,名,現在 今,xia4n za4i,44
4,,限制,xiàn zhì,動,制限（する） 規制する,xia4n zhi4,44
4,,笑话,xiào huà,名,笑い話,xia4o hua4,44
4,,意见,yì jiàn,名,意見,yi4 jia4n,44
4,,艺术,yì shù,名,芸術,yi4 shu4,44
4,,印象,yìn xiàng,名,印象,yi4n xia4ng,44
3,4301,遇到,yù dào,動,出会う 当面する,yu4 da4o,44
2,4110,运动,yùn dòng,動,運動する,yu4n do4ng,44
3,4302,愿意,yuàn yì,能,…したいと思う,yua4n yi4,44
1,29,再见,zài jiàn,他,さようなら,za4i jia4n,44
3,4305,照片,zhào piàn,名,写真,zha4o pia4n,44
4,,正确,zhèng què,形,正しい,zhe4ng que4,44
4,,正式,zhèng shì,形,正式な,zhe4ng shi4,44
2,4116,正在,zhèng zài,副,ちょうど…している,zhe4ng za4i,44
4,,质量,zhì liàng,名,質量,zhi4 lia4ng,44
4,,制造,zhì zào,動,製造（する） 作りだす,zhi4 za4o,44
4,,重视,zhòng shì,動,重視（する）,zho4ng shi4,44
3,4310,重要,zhòng yào,形,重要である,zho4ng ya4o,44
4,,祝贺,zhù hè,動,祝う祝賀,zhu4 he4,44
3,10360,注意,zhù yì,動,注意する,zhu4 yi4,44
4,,最后,zuì hòu,名,最後 おしまい,zui4 ho4u,44
3,4314,最近,zuì jìn,名,最近 近頃,zui4 ji4n,44
4,,座位,zuò wèi,名,座席,zuo4 we4i,44
3,4315,作业,zuò yè,名,宿題,zuo4 ye4,44
3,4316,作用,zuò yòng,名,作用 役割 働き作用する,zuo4 yo4ng,44
1,3898,爸爸,bà ba,名,お父さん,ba4 ba5,45
4,,大夫,dài fu,名,医者 お医者さん,da4i fu5,45
2,4023,弟弟,dì di,名,弟,di4 di5,45
3,71,地方,dì fang,名,場所 ところ 部分,di4 fang5,45
4,,肚子,dù zi,名,おなか,du4 zi5,45
2,44,告诉,gào su,動,伝える 話す 教える,ga4o su5,45
4,,个子,gè zi,名,背丈,ge4 zi5,45
3,,故事,gù shi,名,物語 話 事の筋,gu4 shi5,45
3,4181,过去,guò qu,名,過去,guo4 qu5,45
1,5,后面,hòu mian,名,(空間の)後ろ 後方． (時間や順序の)あと のちほど,ho4u mian5,45
4,,护士,hù shi,名,看護師,hu4 shi5,45
3,4194,记得,jì de,動,覚えている,ji4 de5,45
4,,镜子,jìng zi,名,鏡,ji4ng zi5,45
3,93,句子,jù zi,名,文,ju4 zi5,45
3,4215,裤子,kù zi,名,ズボン,ku4 zi5,45
4,,困难,kùn nan,名,困難,ku4n nan5,45
3,4216,筷子,kuài zi,名,箸,kua4i zi5,45
4,,厉害,lì hai,形,すごい たまらない,li4 hai5,45
4,,力气,lì qi,名,力量,li4 qi5,45
3,101,帽子,mào zi,名,帽子,ma4o zi5,45
2,4061,妹妹,mèi mei,名,妹,me4i mei5,45
1,14,那儿,nà r,代,あそこ そこ,na4 r5,45
1,3957,漂亮,piào liang,形,きれいである（見た目が） 見事である,pia4o liang5,45
4,,热闹,rè nao,形,賑やかである うるさい,re4 nao5,45
1,3963,认识,rèn shi,動,見知っている,re4n shi5,45
4,,任务,rèn wu,名,任務,re4n wu5,45
2,4077,事情,shì qing,名,事 事柄 用件,shi4 qing5,45
4,,态度,tài du,名,態度,ta4i du5,45
4,,袜子,wà zi,名,靴下,wa4 zi5,45
3,10357,为了,wèi le,介,…のために,we4i le5,45
3,129,兴趣,xìng qu,名,興味 趣味,xi4ng qu5,45
1,3992,谢谢,xiè xie,他,ありがとう,xie4 xie5,45
4,,样子,yàng zi,名,様子,ya4ng zi5,45
4,,钥匙,yào shi,名,鍵,ya4o shi5,45
4,,叶子,yè zi,名,葉っぱ,ye4 zi5,45
2,4103,意思,yì si,名,意味,yi4 si5,45
2,10344,右边,yòu bian,名,右（の方）,yo4u bian5,45
3,137,月亮,yuè liang,名,月（天体の）,yue4 liang5,45
2,4113,丈夫,zhàng fu,名,夫 主人,zha4ng fu5,45
3,4304,照顾,zhào gu,動,世話をする 気を配る,zha4o gu5,45
1,31,这儿,zhè r,代,ここ,zhe4 r5,45
1,3905,出租车,chū zū chē,名,タクシー,chu1 zu1 che1,111
4,,乒乓球,pīng pāng qiú,名,ピンポン,pi1ng pa1ng qiu2,112
4,,垃圾桶,lā jī tǒng,名,ゴミバケツ,la1 ji1 to3ng,113
2,4082,踢足球,tī zú qiú,動,サッカーをする,ti1 zu2 qiu2,122
4,,加油站,jiā yóu zhàn,名,ガソリンスタンド,jia1 yo2u zha4n,124
4,,开玩笑,kāi wán xiào,動,冗談を言う からかう,ka1i wa2n xia4o,124
4,,西红柿,xī hóng shì,名,トマト,xi1 ho2ng shi4,124
4,,研究生,yán jiū shēng,名,大学院生,ya2n jiu1 she1ng,211
4,,弹钢琴,tán gāng qín,動,ピアノを弾く,ta2n ga1ng qi2n,212
3,4268,图书馆,tú shū guǎn,名,図書館,tu2 shu1 gua3n,213
1,10328,没关系,méi guān xi,他,かまいません 問題ないです,me2i gua1n xi5,215
4,,人民币,rén mín bì,名,人民元,re2n mi2n bi4,224
2,4027,服务员,fú wù yuán,名,従業員（ホテルやレストランの）,fu2 wu4 yua2n,242
1,10327,不客气,bú kè qi,他,どういたしまして,bu2 ke4 qi5,245
3,4292,一会儿,yí huì r,副,少しの間,yi2 hui4 r5,245
3,4284,行李箱,xíng li xiāng,名,トランク（車の）,xi2ng li5 xia1ng,251
4,,来不及,lái bu jí,動,間に合わない,la2i bu5 ji2,252
4,,来得及,lái de jí,動,間に合う,la2i de5 ji2,252
4,,洗衣机,xǐ yī jī,名,洗濯機,xi3 yi1 ji1,311
1,3931,火车站,huǒ chē zhàn,名,鉄道の駅,huo3 che1 zha4n,314
3,106,普通话,pǔ tōng huà,名,標準語（中国の）,pu3 to1ng hua4,314
2,4019,打篮球,dǎ lán qiú,動,バスケットボールをする,da3 la2n qiu2,322
4,,羽毛球,yǔ máo qiú,名,バドミントン,yu3 ma2o qiu2,322
3,124,洗手间,xǐ shǒu jiān,名,お手洗い トイレ,xi3 sho3u jia1n,331
4,,笔记本,bǐ jì běn,名,ノート,bi3 ji4 be3n,343
1,3906,打电话,dǎ diàn huà,動,電話をかける,da3 dia4n hua4,344
4,,巧克力,qiǎo kè lì,名,チョコレート,qia3o ke4 li4,344
1,4004,怎么样,zěn me yàng,代,どんな（性質） どう（方法） どうですか？（状況 意,ze3n me5 ya4ng,354
3,4127,办公室,bàn gōng shì,名,事務室,ba4n go1ng shi4,414
4,,做生意,zuò shēng yì,動,商売をする,zuo4 she1ng yi4,414
2,4119,自行车,zì xíng chē,名,自転車,zi4 xi2ng che1,421
4,,不得不,bù dé bù,副,…しないわけにはいかない,bu4 de2 bu4,424
2,4086,为什么,wèi shén me,代,なぜ どうして,we4i she2n me5,425
4,,大使馆,dà shǐ guǎn,名,大使館,da4 shi3 gua3n,433
4,,放暑假,fàng shǔ jià,動,夏休みになる,fa4ng shu3 jia4,434
3,4306,照相机,zhào xiàng jī,名,カメラ,zha4o xia4ng ji1,441
4,,售货员,shòu huò yuán,名,店員 売り子,sho4u huo4 yua2n,442
4,,受不了,shòu bù liǎo,形,耐えられない,sho4u bu4 lia3o,443
4,,信用卡,xìn yòng kǎ,名,クレジットカード,xi4n yo4ng ka3,443
4,,塑料袋,sù liào dài,名,ビニール袋,su4 lia4o da4i,444
4,,差不多,chà bu duō,形,ほとんど同じである だいたい,cha4 bu5 duo1,451
1,3914,对不起,duì bu qǐ,他,すみません,dui4 bu5 qi3,453
2,4030,公共汽车,gōng gòng qì chē,名,バス,go1ng go4ng qi4 che1,1441
3,4156,电子邮件,diàn zǐ yóu jiàn,名,電子メール,dia4n zi3 yo2u jia4n,4324
