Level,MP3,Character,Pinyin,Class,Mean
3,55,啊,a,感,感嘆詞（文末 感嘆の語気）
3,4121,阿姨,ā yí,名,おばさん 母の姉妹
1,3896,爱,ài,動,愛する （行い 状態を）好む
3,4122,矮,ǎi,形,低い（背丈が）
3,4123,爱好,ài hào,名,趣味 好み
4,,爱情,ài qíng,名,愛情
4,,暗,àn,形,暗い
3,4124,安静,ān jìng,形,静かである
4,,安排,ān pái,動,段取りをする
4,,安全,ān quán,形,安全である
4,,按时,àn shí,副,時間どおりに
4,,按照,àn zhào,介,…によって …にもとづいて
2,34,吧,ba,感,感嘆詞（語気をやわらげる）
3,10349,把,bǎ,量,…把（取っ手 柄のあるものを数える）
1,3897,八,bā,数,八
1,3898,爸爸,bà ba,名,お父さん
2,35,白,bái,形,白い
2,4011,百,bǎi,数,百
3,4128,半,bàn,数,半分 ２分の１
3,4125,班,bān,名,クラス
3,4126,搬,bān,動,運ぶ 引っ越しする
3,56,办法,bàn fǎ,名,方法 やりかた
3,4127,办公室,bàn gōng shì,名,事務室
3,57,帮忙,bāng máng,動,手伝う
2,4012,帮助,bāng zhù,動,助ける 援助する
4,,抱,bào,動,抱く
3,4130,饱,bǎo,形,満腹である
3,4129,包,bāo,量,…包み（包んだ物を数える）
4,,报道,bào dào,名,報道 レポート
4,,保护,bǎo hù,動,保護（する）
4,,包括,bāo kuò,動,含む 包含する
4,,报名,bào míng,動,申し込む
4,,抱歉,bào qiàn,動,すまなく思う
4,,保证,bǎo zhèng,動,保証（する）
2,4013,报纸,bào zhǐ,名,新聞
3,,背,bèi,動,暗記する
4,59,被,bèi,介,…によって（受身を表す）
3,58,北方,běi fāng,名,北方
1,3900,北京,Běi jīng,名固,北京
1,3899,杯子,bēi zi,名,コップ さかずき
4,,笨,bèn,形,愚かである
1,1,本,běn,量,…冊（書籍・ノートを数える）
4,,本来,běn lái,副,本来（は）
2,4014,比,bǐ,介,…と比べて
4,,笔记本,bǐ jì běn,名,ノート
3,10350,比较,bǐ jiào,動,比較する
3,4131,比赛,bǐ sài,動,試合する
3,4132,必须,bì xū,能,…しなくてはならない
4,,毕业,bì yè,動,卒業する
3,60,鼻子,bí zi,名,鼻
4,,遍,biàn,量,…回 （はじめから終わりまでの）一通り
3,4133,变化,biàn huà,動,変化する
4,,表达,biǎo dá,動,表現 表明（する）
4,,表格,biǎo gé,名,表
3,10351,表示,biǎo shì,動,表示する 示す 表す
3,4134,表演,biǎo yǎn,動,演じる
4,,表扬,biǎo yáng,動,表彰する
4,,标准,biāo zhǔn,名,標準
2,36,别,bié,副,…してはいけない
3,61,别人,bié ren,名,他人 ひと様 ほかの人一般
3,4135,宾馆,bīn guǎn,名,ホテル
4,,饼干,bǐng gān,名,ビスケット
4,,并且,bìng qiě,接,しかも そのうえ
3,4136,冰箱,bīng xiāng,名,冷蔵庫
4,,博士,bó shì,名,博士
1,3901,不,bù,副,いいえ …しない …ではない
4,,不但,bú dàn,接,…ばかりでなく
4,,不得不,bù dé bù,副,…しないわけにはいかない
4,,不管,bù guǎn,接,…にかかわらず
4,,不过,bú guò,接,しかし けど
4,,不仅,bù jǐn,接,…であるのみならず
1,10327,不客气,bú kè qi,他,どういたしまして
4,,擦,cā,動,拭く
3,62,才,cái,副,いま…したばかり やっと
1,3902,菜,cài,名,料理 おかず
4,,猜,cāi,動,答えを当てる
3,4137,菜单,cài dān,名,メニュー お品書き
4,,材料,cái liào,名,材料
4,,参观,cān guān,動,参観する 見学する
3,4138,参加,cān jiā,動,参加する
3,63,草,cǎo,名,草
3,4139,层,céng,量,…枚（重なった物を数える）
1,3903,茶,chá,名,お茶
3,4140,差,chà,形,欠ける 異なる
4,,差不多,chà bu duō,形,ほとんど同じである だいたい
2,4015,长,cháng,形,長い 長さ 長所
4,,尝,cháng,動,味を見る
4,,长城,Cháng chéng,名固,長城 万里の長城
2,4016,唱歌,chàng gē,動,歌をうたう
4,,长江,Cháng jiāng,名固,長江
4,,吵,chǎo,動,口喧嘩する
4,,超过,chāo guò,動,超える 追い越す
3,4141,超市,chāo shì,名,スーパーマーケット
3,4142,衬衫,chèn shān,名,ブラウス シャツ
4,,成功,chéng gōng,動,成功する
3,4143,成绩,chéng jì,名,成績
4,,诚实,chéng shí,形,誠実な
3,4144,城市,chéng shì,名,都会 都市
4,,成熟,chéng shú,形,成熟した 熟する
4,,成为,chéng wéi,動,…になる …となる
4,,乘坐,chéng zuò,動,乗る（乗り物に）
1,3904,吃,chī,動,食べる
3,4146,迟到,chí dào,動,遅刻する
4,,吃惊,chī jīng,動,吃驚する たまげる
4,,重新,chóng xīn,副,新たに もう一度
4,,抽烟,chōu yān,動,煙草を吸う
2,37,出,chū,動,出る 出す
4,,出差,chū chāi,動,出張する
4,,出发,chū fā,動,出発する
3,4147,厨房,chú fáng,名,台所
3,64,除了,chú le,介,…以外は …を除いて
4,,出生,chū shēng,動,生まれる
3,4145,出现,chū xiàn,動,出現する
1,3905,出租车,chū zū chē,名,タクシー
2,4018,船,chuán,名,船
2,4017,穿,chuān,動,（衣服を）着る 通り抜ける
4,,传真,chuán zhēn,名,ファックス
4,,窗户,chuāng hu,名,窓
3,65,春,chūn,名,春
2,38,次,cì,量,…回
4,,词典,cí diǎn,名,辞典
3,66,词语,cí yǔ,名,字句 語句
2,39,从,cóng,介,起点・出発点を示す
4,,从来,cóng lái,副,これまでずっと
3,4148,聪明,cōng ming,形,聡明である 賢い
4,,粗心,cū xīn,形,そそっかしい おおざっぱな
2,40,错,cuò,形,誤っている
1,3907,大,dà,形,大きい 年長である
4,,答案,dá àn,名,答案
4,,打扮,dǎ ban,動,装う 化粧する
1,3906,打电话,dǎ diàn huà,動,電話をかける
2,41,大家,dà jiā,代,みんな
2,4019,打篮球,dǎ lán qiú,動,バスケットボールをする
4,,打扰,dǎ rǎo,動,邪魔をする
3,4149,打扫,dǎ sǎo,動,掃除をする
4,,大使馆,dà shǐ guǎn,名,大使館
3,4150,打算,dǎ suàn,動,…するつもりだ
4,,打印,dǎ yìn,動,捺印 印刷（する）
4,,大约,dà yuē,副,だいたい およそ
4,,打折,dǎ zhé,動,割引する
4,,打针,dǎ zhēn,動,注射する
4,,大概,dàgài,形,おおよその
3,10352,带,dài,動,帯びる 身につける 連れる
4,,戴,dài,動,着用する（頭・腕などに）
4,,代表,dài biǎo,名,代表
4,,大夫,dài fu,名,医者 お医者さん
4,,代替,dài tì,動,代替（する）
3,67,蛋糕,dàn gāo,名,ケーキ カステラ
2,4020,但是,dàn shì,接,しかし ただし
3,4151,担心,dān xīn,動,心配する
4,,当,dāng,動,…になる 担当する
4,,当地,dāng dì,名,当地 現地
3,68,当然,dāng rán,副,当然である
4,,当时,dāng shí,副,当時 即座に
2,4021,到,dào,動,至る 着く
4,,刀,dāo,名,刃物
4,,到处,dào chù,副,いたるところ
4,,到底,dào dǐ,副,結局
4,,道歉,dào qiàn,動,謝る 遺憾の意を表する
4,,导游,dǎo yóu,名,旅行のガイド（をする）
1,2,的,de,助,助詞（連体修飾・所有）
2,42,得,de,助,用言につけて結果補語を導く。…できる …してよい
3,70,地,de,名,土地 地面
4,,得意,dé yì,形,得意げな
4,,得,děi,動,要する[dei3]得る[de2]
2,4022,等,děng,動,待つ
4,,等,děng,助,…など
3,69,灯,dēng,名,明かり
4,,底,dǐ,名,底 （年度などの）末 （事の）真相
3,4152,低,dī,形,低い
2,4023,弟弟,dì di,名,弟
3,71,地方,dì fang,名,場所 ところ 部分
4,,地球,dì qiú,名,地球
3,4153,地铁,dì tiě,名,地下鉄
3,4154,地图,dì tú,名,地図
4,,地址,dì zhǐ,名,住所
1,3908,点,diǎn,量,…時
1,3909,电脑,diàn nǎo,名,パソコン
1,3910,电视,diàn shì,名,テレビ
3,4155,电梯,diàn tī,名,エレベーター
1,3911,电影,diàn yǐng,名,映画
3,4156,电子邮件,diàn zǐ yóu jiàn,名,電子メール
4,,掉,diào,動,落ちる なくす
4,,调查,diào chá,動,調査（する）
4,,丢,diū,動,失う
2,4024,第一,dìyī,数,第一の
2,43,懂,dǒng,動,わかる 理解している
3,72,冬,dōng,名,冬
3,73,东,dōng,名,東
3,74,动物,dòng wù,名,動物
1,3,东西,dōng xi,名,品物
4,,动作,dòng zuò,名,動作 行動する
1,3912,都,dōu,副,みな すべて
1,3913,读,dú,動,音読する （学校で）勉強する
4,,堵车,dǔ chē,動,渋滞（する）
4,,肚子,dù zi,名,おなか
3,75,段,duàn,量,…区切り（一定の距離や時間の長さを数える）
4,,断,duàn,動,断つ 切る 断じて
3,4157,短,duǎn,形,短い
3,4158,锻炼,duàn liàn,動,鍛える
2,*,对,duì,量,…対（対になった物を数える）
2,*,对,duì,介,…に対して …に向かって
1,3914,对不起,duì bu qǐ,他,すみません
4,,对话,duì huà,動,対話（する）
4,,对面,duì miàn,名,反対側 向かい側
4,,顿,dùn,量,…食 …回（食事 叱責 罵倒などを数える）
4,,朵,duǒ,量,ひとひらの（花 雲を数える）
1,3915,多,duō,形,多い
3,76,多么,duō me,副,なんと… どんなに（…でも）
1,3916,多少,duō shǎo,代,いくら（数量を問う） いくらか（不定の数量）
3,4159,饿,è,形,おなかがすいている
4,,而,ér,接,…でありまた…である …ではあるが…ではない
1,3918,二,èr,数,二（単独で）
3,4160,耳朵,ěr duo,名,耳
3,77,而且,ér qiě,接,そのうえ
4,,儿童,ér tóng,名,児童
1,3917,儿子,ér zi,名,息子
4,,发,fā,動,発送する 発生する
4,,法律,fǎ lǜ,名,法律
3,4161,发烧,fā shāo,動,熱が出る
4,,发生,fā shēng,動,発生する
3,4162,发现,fā xiàn,動,発見する
4,,发展,fā zhǎn,動,発展する
4,,反对,fǎn duì,動,反対する
1,3919,饭馆,fàn guǎn,名,レストラン
4,,烦恼,fán nǎo,動,悩む 煩悩
4,,范围,fàn wéi,名,範囲
4,,翻译,fān yì,動,翻訳する
4,,反映,fǎn yìng,動,反映（する） 報告（する）
3,78,放,fàng,動,置く 放す
3,4163,方便,fāng biàn,形,便利である
4,,方法,fāng fǎ,名,方法
2,4025,房间,fáng jiān,名,部屋
4,,方面,fāng miàn,名,方面
4,,放弃,fàng qì,動,放棄する あきらめる
4,,放暑假,fàng shǔ jià,動,夏休みになる
4,,访问,fǎng wèn,動,訪問する
4,,方向,fāng xiàng,名,方向 方角
3,4164,放心,fàng xīn,動,安心する
2,4026,非常,fēi cháng,副,非常に とても たいへん
1,3920,飞机,fēi jī,名,飛行機
4,,份,fèn,量,…部（(1)組になったもの(2)新聞や雑誌を数える
3,4165,分,fēn,量,…分
4,,…分之…,fēn zhī,数,…分の…（分数）
1,3921,分钟,fēn zhōng,名,…分間
4,,丰富,fēng fù,形,豊富である
4,,风景,fēng jǐng,名,風景
4,,否则,fǒu zé,接,さもなければ
4,,富,fù,形,金がある
4,,符合,fú hé,動,符合する ぴったり合う
3,4166,附近,fù jìn,名,近所 付近
4,,父亲,fù qīn,名,父 父親
2,4027,服务员,fú wù yuán,名,従業員（ホテルやレストランの）
3,4167,复习,fù xí,動,復習（する）
4,,复印,fù yìn,動,複写する
4,,复杂,fù zá,形,複雑である
4,,负责,fù zé,動,責任を負う
4,,改变,gǎi biàn,動,変わる 変える
3,79,敢,gǎn,能,思い切って…する
4,,干杯,gān bēi,動,乾杯する
4,,感动,gǎn dòng,動,感動（する）
3,4168,干净,gān jìng,形,きれいである
4,,感觉,gǎn jué,動,感覚 感じる …と思う
3,4169,感冒,gǎn mào,動,風邪をひく
4,,感情,gǎn qíng,名,感情
4,,感谢,gǎn xiè,動,感謝する
4,,干燥,gān zào,形,乾燥している
3,4170,刚才,gāng cái,名,つい先ほど たったいま
2,4028,高,gāo,形,高い（高さが）
4,,高级,gāo jí,形,高級な
2,44,告诉,gào su,動,伝える 話す 教える
1,3922,高兴,gāo xìng,形,うれしい
1,4,个,gè,量,…個（広く色々な名詞に用いる）
4,,各,gè,代,各 それぞれ
2,4029,哥哥,gē ge,名,お兄さん 兄
4,,个子,gè zi,名,背丈
2,45,给,gěi,動,あげる
3,4172,跟,gēn,介,…といっしょに …で
3,4171,根据,gēn jù,介,…によると
3,4173,更,gèng,副,一層 もっと
2,4030,公共汽车,gōng gòng qì chē,名,バス
2,4031,公斤,gōng jīn,量,…キログラム
4,,工具,gōng jù,名,工具
4,,公里,gōng lǐ,量,…キロメートル
2,4032,公司,gōng sī,名,会社
4,,共同,gòng tóng,形,共同の 共通の
3,4174,公园,gōng yuán,名,公園
4,,工资,gōng zī,名,賃金
1,3923,工作,gōng zuò,動,仕事をする
4,,够,gòu,形,足りる 十分である
1,3924,狗,gǒu,名,犬
4,,购物,gòu wù,名,買い物
4,,孤单,gū dān,形,孤独な
4,,估计,gū jì,動,見積もる 推定する
4,,顾客,gù kè,名,顧客
4,,鼓励,gǔ lì,動,励ます 激励する
3,,故事,gù shi,名,物語 話 事の筋
4,,故意,gù yì,副,故意に
4,,鼓掌,gǔ zhǎng,動,拍手する
4,,挂,guà,動,掛ける 電話を切る
3,4176,刮风,guā fēng,動,風が吹く
3,80,关,guān,動,閉める
4,,关键,guān jiàn,名,カギ（物事の） キーポイント
4,,管理,guǎn lǐ,動,管理 監督（する）
3,4177,关系,guān xì,名,関係
3,4178,关心,guān xīn,動,関心をもつ
3,10353,关于,guān yú,介,…に関する
4,,观众,guān zhòng,名,観衆 見物人
4,,逛,guàng,動,ぶらぶら歩く
4,,光,guāng,名,光 明るくする
4,,广播,guǎng bō,動,放送する
4,,广告,guǎng gào,名,広告 宣伝
2,4033,贵,guì,形,高い（値段が）
4,,规定,guī dìng,名,規定 規則
2,4034,过,guò,動,通過する 過ごす
4,,过程,guò chéng,名,過程 プロセス
4,,国际,guó jì,名,国際
3,4179,国家,guó jiā,名,国家
3,4181,过去,guò qu,名,過去
4,,果然,guǒ rán,副,やはり 果たして
3,4180,果汁,guǒ zhī,名,果汁 フルーツジュース
2,4038,还,hái,副,まだ やはり なお
3,4182,害怕,hài pà,動,恐れる
3,,还是,hái shì,副,依然として （比較して）やはり それとも
4,,害羞,hài xiū,動,恥ずかしがる
4,,海洋,hǎi yáng,名,海洋
2,4035,孩子,hái zi,名,子供
4,,汗,hàn,名,汗
4,,寒假,hán jià,名,冬休み
1,3925,汉语,Hàn yǔ,名,中国語
4,,航班,háng bān,名,フライト（飛行機の）
2,46,号,hào,名,…日（日付）
1,3926,好,hǎo,形,よい 申し分ない
2,4036,好吃,hǎo chī,形,おいしい
4,,好处,hǎo chu,名,利点
4,,号码,hào mǎ,名,番号
4,,好像,hǎo xiàng,副,ちょうど…のようである
1,3928,和,hé,介,…と
3,4183,河,hé,名,川
1,3927,喝,hē,動,飲む
4,,合格,hé gé,形,合格する
4,,合适,hé shì,形,ぴったりしている 適当である
4,,盒子,hé zi,名,小箱 ケース
2,47,黑,hēi,形,黒い
3,4184,黑板,hēi bǎn,名,黒板
1,3929,很,hěn,副,たいへん とても
2,48,红,hóng,形,赤い
4,,厚,hòu,形,厚い
4,,后悔,hòu huǐ,動,後悔（する）
4,,后来,hòu lái,名,後に（なって） 後からくる
1,5,后面,hòu mian,名,(空間の)後ろ 後方． (時間や順序の)あと のちほど
4,,猴子,hóu zi,名,サル
4,,忽然,hū rán,副,突然 急に
4,,护士,hù shi,名,看護師
4,,互相,hù xiāng,副,互いに
3,4185,护照,hù zhào,名,パスポート
3,4188,画,huà,動,描く（絵や図を）
3,4186,花,huā,名,花
3,4187,花园,huā yuán,名,庭 花園
3,4189,坏,huài,形,悪い
4,,怀疑,huái yí,動,疑う 懐疑 疑惑
4,,还,huán,動,返す 報いる
3,81,换,huàn,動,交換する
3,4190,环境,huán jìng,名,環境
2,4037,欢迎,huān yíng,動,歓迎する
3,4191,黄,huáng,形,黄色い
1,6,回,huí,量,…回
1,3930,会,huì,名,会合 集まり
2,4039,回答,huí dá,動,回答する 答える
4,,回忆,huí yì,動,思い出す
3,4192,会议,huì yì,名,会議
4,,火,huǒ,名,火 鉄砲 赤い
1,3931,火车站,huǒ chē zhàn,名,鉄道の駅
4,,获得,huò dé,動,獲得する
4,,活动,huó dòng,動,運動する 活動する
4,,活泼,huó po,形,活発な
3,4193,或者,huò zhě,接,あるいは
3,82,极,jí,副,きわめて 極み 頂点
4,,寄,jì,動,郵便で送る
3,7,几,jǐ,代,いくつ（数を尋ねる） いくつかの（不定の数）
2,4040,机场,jī chǎng,名,空港
4,,基础,jī chǔ,名,基礎
2,4041,鸡蛋,jī dàn,名,鶏卵
3,4194,记得,jì de,動,覚えている
4,,激动,jī dòng,動,興奮する 感動させる
4,,集合,jí hé,動,集合する
3,10355,几乎,jī hū,副,ほとんど
4,,计划,jì huà,名,計画
3,10354,机会,jī huì,名,機会
4,,积极,jī jí,形,積極的な 熱心な
3,4195,季节,jì jié,名,季節 シーズン
4,,积累,jī lěi,動,蓄積（する）
4,,极其,jí qí,副,きわめて
4,,既然,jì rán,接,…したからには …である以上
4,,及时,jí shí,形,ちょうどよい時に 早速
4,,即使,jí shǐ,接,たとえ…だとしても
4,,技术,jì shù,名,技術
4,,继续,jì xù,動,継続する
4,,记者,jì zhě,名,記者
4,,假,jiǎ,形,にせの
1,3932,家,jiā,名,家 家庭
4,,加班,jiā bān,動,残業（する） 時間外労働
4,,价格,jià gé,名,価格
4,,家具,jiā jù,名,家具
4,,加油站,jiā yóu zhàn,名,ガソリンスタンド
2,49,件,jiàn,量,…枚 …件（服 事柄を数える）
3,4196,检查,jiǎn chá,動,検査する 点検する
4,,坚持,jiān chí,動,堅持する 頑張って続ける
3,4197,简单,jiǎn dān,形,簡単である
4,,减肥,jiǎn féi,動,ダイエット（する）
3,4199,健康,jiàn kāng,名,健康
3,4198,见面,jiàn miàn,動,会う
4,,减少,jiǎn shǎo,動,減少（する） 減らす
3,83,讲,jiǎng,動,話す 言う 説明する
4,,降低,jiàng dī,動,下げる 下がる
4,,奖金,jiǎng jīn,名,賞金 賞与
4,,将来,jiāng lái,名,将来 未来
1,3933,叫,jiào,動,叫ぶ …と呼ぶ
3,85,脚,jiǎo,名,足（くるぶし…爪先）
3,84,角,jiǎo,量,通貨の単位 角
3,86,教,jiāo,動,教える
4,,交,jiāo,動,交付する 交わる
4,,骄傲,jiāo ào,形,傲慢な 誇りとする
4,,交流,jiāo liú,動,交換 交流（する）
2,4042,教室,jiào shì,名,教室
4,,教授,jiào shòu,名,教授
4,,交通,jiāo tōng,名,交通
4,,教育,jiào yù,動,教育する
4,,饺子,jiǎo zi,名,ぎょうざ
3,89,借,jiè,動,借りる 貸す
3,4200,接,jiē,動,つなぐ （手紙や電話を）受け取る 迎える
3,4202,结婚,jié hūn,動,結婚する
2,50,姐姐,jiě jie,名,お姉さん 姉
3,4204,解决,jiě jué,動,解決する
3,4201,节目,jié mù,名,番組 プログラム
3,88,节日,jié rì,名,記念日 祝日
2,4043,介绍,jiè shào,動,紹介する 説明する
4,,解释,jiě shì,動,解釈 釈明 説明（する）
4,,接受,jiē shòu,動,受けいれる 認める 受け取る
3,4203,结束,jié shù,動,終わる けりがつく
3,87,街道,jiēdào,名,大通り 街路
4,,节约,jiéyuē,動,節約（する）
2,4044,进,jìn,動,（ある場所に）入る 前へ進む
3,4045,近,jìn,形,近い
4,,尽管,jǐn guǎn,接,…にかかわらず いくらでも
1,3934,今天,jīn tiān,名,今日
4,,进行,jìn xíng,動,進行する
4,,紧张,jǐn zhāng,形,緊張している
4,,禁止,jìn zhǐ,動,禁止する
4,,精彩,jīng cǎi,形,精彩を放っている すばらしい
4,,警察,jǐng chá,名,警察
3,4205,经常,jīng cháng,副,常に いつも
3,90,经过,jīng guò,動,（ある場所を）通過する 経験する
4,,经济,jīng jì,名,経済
4,,京剧,jīng jù,名,京劇
4,,经历,jīng lì,動,経験（する） 経歴
3,4206,经理,jīng lǐ,名,社長 経営者 経営する 管理する
4,,竟然,jìng rán,副,なんと ところが 意外にも
4,,精神,jīng shén,名,元気 活気 精神
4,,经验,jīng yàn,名,経験
4,,竞争,jìng zhēng,動,競争（する）
4,,镜子,jìng zi,名,鏡
2,51,就,jiù,副,すぐ じきに
3,92,旧,jiù,形,古い
1,3935,九,jiǔ,数,九
3,91,久,jiǔ,形,久しい
4,,究竟,jiū jìng,副,結局 いったい
4,,举办,jǔ bàn,動,行う（活動を）
4,,拒绝,jù jué,動,拒絶する
4,,距离,jù lí,名,距離
3,4207,举行,jǔ xíng,動,挙行する 行う
3,93,句子,jù zi,名,文
2,4046,觉得,jué de,動,感じる 思う
3,4208,决定,jué dìng,動,決定する
2,4047,咖啡,kā fēi,名,コーヒー
1,9,开,kāi,動,開く
2,4048,开始,kāi shǐ,動,開始する
4,,开玩笑,kāi wán xiào,動,冗談を言う からかう
3,3936,看,kàn,動,見る 読む 訪問する 診察する …と思う
4,,看法,kàn fǎ,名,見方 見解
1,3937,看见,kàn jiàn,動,見える 目に入る
4,,考虑,kǎo lǜ,動,考慮する
2,4049,考试,kǎo shì,動,試験をする
2,52,课,kè,名,授業
3,4211,刻,kè,量,…刻（15分）
3,4210,渴,kě,形,のどが渇いている
4,,棵,kē,量,…本（木 草を数える）
3,4209,可爱,kě ài,形,可愛い
4,,可怜,kě lián,形,哀れな かわいそうな
2,4050,可能,kě néng,能,おそらく …かもしれない
3,4212,客人,kè rén,名,客 乗客
4,,可是,kě shì,接,しかし けれど
4,,咳嗽,ké sou,動,咳をする
4,,可惜,kě xī,形,惜しいことに
4,,科学,kē xué,名,科学
2,4051,可以,kě yǐ,能,…できる（客観的な条件で許されている）
4,,肯定,kěn dìng,副,確かに 間違いなく
4,,恐怕,kǒng pà,副,たぶん おそらく
4,,空气,kōng qì,名,空気
3,4213,空调,kōng tiáo,名,空調 エアコン
3,94,口,kǒu,名,口
4,,苦,kǔ,形,苦い（味が） 苦しい つらい
3,4214,哭,kū,動,泣く
3,4215,裤子,kù zi,名,ズボン
1,3938,块,kuài,量,通貨の単位 元（口語）
2,4052,快,kuài,形,速い（速度が）
2,4053,快乐,kuài lè,形,楽しい
3,4216,筷子,kuài zi,名,箸
4,,宽,kuān,形,幅が広い幅
4,,困,kùn,動,苦しむ 困る
4,,困难,kùn nan,名,困難
4,,扩大,kuò dà,動,拡大（する）
4,,辣,là,形,辛い
4,,拉,lā,動,引く （楽器を）弾く
4,,垃圾桶,lā jī tǒng,名,ゴミバケツ
1,3939,来,lái,動,来る
4,,来不及,lái bu jí,動,間に合わない
4,,来得及,lái de jí,動,間に合う
3,95,蓝,lán,形,青い
4,,懒,lǎn,形,懶惰な ものぐさな
4,,浪费,làng fèi,動,浪費（する）
4,,浪漫,làng màn,形,ロマンチックな
3,4217,老,lǎo,形,年を取っている 古い
4,,老虎,lǎo hǔ,名,トラ
1,3940,老师,lǎo shī,名,先生（師事する）
1,3943,了,le,助,助詞（動作の完了・実現）
2,4054,累,lèi,形,疲れた
1,3941,冷,lěng,形,寒い 冷たい
4,,冷静,lěng jìng,形,冷静な
2,4055,离,lí,介,…から（二点間の隔たり）
1,3942,里,lǐ,名,中 内部 範囲を表す
4,,理发,lǐ fà,動,散髪する
4,,厉害,lì hai,形,すごい たまらない
4,,理解,lǐ jiě,動,理解（する）
3,4218,离开,lí kāi,動,離れる 別れる
4,,礼貌,lǐ mào,形,礼儀（正しい）
4,,力气,lì qi,名,力量
4,,例如,lì rú,接,たとえば
3,4220,历史,lì shǐ,名,歴史
3,4219,礼物,lǐ wù,名,贈り物
4,,理想,lǐ xiǎng,名,理想
4,,俩,liǎ,数,2人 2つ（量詞なしで）
4,,连,lián,介,…もいっしょに …までも続けて
3,96,脸,liǎn,名,顔
4,,联系,lián xì,動,連絡する 結びつける
3,4221,练习,liàn xí,動,練習する
3,97,辆,liàng,量,…両（車両を数える）
4,,亮,liàng,形,明るい
2,4056,两,liǎng,数,二（量詞・位数詞の前で）
4,,凉快,liáng kuai,形,涼しい
3,4222,了解,liǎo jiě,動,理解する 調べる
4,,聊天,liáo tiān,動,おしゃべりする チャットする
3,4223,邻居,lín jū,名,隣近所の人
1,3944,零,líng,数,ゼロ 数の空位
4,,另外,lìng wài,代,別の ほかの 加えて
4,,留,liú,動,留まる とっておく
1,3945,六,liù,数,六
4,,流泪,liú lèi,動,涙を流す
4,,流利,liú lì,形,流暢な なめらかな
4,,流行,liú xíng,動,流行する
4,,留学,liú xué,動,留学（する）
3,98,楼,lóu,名,建物
2,53,路,lù,名,道路
3,99,绿,lǜ,形,緑色の
4,,律师,lǜ shī,名,弁護士
2,4057,旅游,lǚ yóu,動,観光旅行（をする）
4,,乱,luàn,形,乱れている
1,10,吗,ma,感,感嘆詞（文末 疑問の語気）
3,100,马,mǎ,名,馬
4,,麻烦,má fan,動,迷惑をかける
4,,马虎,mǎ hu,形,ぼんやりしている
1,3946,妈妈,mā ma,名,お母さん
2,4224,马上,mǎ shàng,副,すぐさま ただちに
2,54,卖,mài,動,売る
1,3947,买,mǎi,動,買う
2,4058,慢,màn,形,遅い（動作が）
4,,满,mǎn,形,満ちている
3,4225,满意,mǎn yì,形,満足している（気分的に）
2,4059,忙,máng,形,忙しい 急いでいる
1,3948,猫,māo,名,猫
4,,毛巾,máo jīn,名,タオル
3,101,帽子,mào zi,名,帽子
1,3949,没,méi,副,…しなかった まだ…していない まだ…でない
2,4060,每,měi,代,ひとつひとつ …ごとに
1,10328,没关系,méi guān xi,他,かまいません 問題ないです
4,,美丽,měi lì,形,美しい
2,4061,妹妹,mèi mei,名,妹
2,10331,门,mén,名,門
4,,梦,mèng,名,夢
3,4226,米,mǐ,量,…メートル
1,3950,米饭,mǐ fàn,名,ごはん（米の）
4,,密码,mì mǎ,名,パスワード 暗証番号
3,102,面包,miàn bāo,名,パン
4,,免费,miǎn fèi,形,無料の
3,4227,面条,miàn tiáo,名,麺類
4,,民族,mín zú,名,民族
3,103,明白,míng bai,形,明白なわかる
1,3952,明天,míng tiān,名,明日
1,3951,名字,míng zi,名,名前
4,,目的,mù dì,名,目的
4,,母亲,mǔ qīn,名,母 母親
3,4228,拿,ná,動,手に取る
1,13,那,nà,代,あの その あれ それ
1,12,哪,nǎ,代,どの どれか
1,14,那儿,nà r,代,あそこ そこ
1,11,哪儿,nǎ r,代,どこ どこの
3,4229,奶奶,nǎi nai,名,祖母（父方の）
4,,耐心,nài xīn,形,根気がよい
3,104,南,nán,名,南
3,4230,难,nán,形,難しい …しにくい
4,,难道,nán dào,副,まさか…ではあるまい
3,4231,难过,nán guò,形,悲しい
2,10334,男人,nán rén,名,男性 夫
4,,难受,nán shòu,形,つらい 体調が悪い
1,15,呢,ne,感,感嘆詞（文末 疑問・確認）
4,,内,nèi,名,中 内
4,,内容,nèi róng,名,内容
1,3953,能,néng,能,…できる（能力がある） …が起こりうる …してもよい
4,,能力,néng lì,名,能力
1,16,你,nǐ,代,あなた
1,3954,年,nián,名,年
3,4232,年级,nián jí,名,学年
4,,年龄,nián líng,名,年齢
3,4233,年轻,nián qīng,形,若い
3,105,鸟,niǎo,名,鳥
2,10333,您,nín,代,あなた（敬称）
2,4062,牛奶,niú nǎi,名,牛乳
4,,弄,nòng,動,弄る する もてあそぶ
4,,农村,nóng cūn,名,農村
1,3955,女儿,nǚ ér,名,娘 女の子
3,4234,努力,nǔ lì,形,努力している 一生懸命である
2,10332,女人,nǚ rén,名,女性 妻
4,,暖和,nuǎn huo,形,暖かい
4,,偶尔,ǒu ěr,副,たまに
3,4235,爬山,pá shān,動,登山（する）
4,,排列,pái liè,名,配列 順列
4,,判断,pàn duàn,動,判断（する）
3,4236,盘子,pán zi,名,大きな皿
3,4237,胖,pàng,形,太っている
2,4063,旁边,páng biān,名,かたわら そば
2,4064,跑步,pǎo bù,動,ジョギングをする
4,,陪,péi,動,お供する
1,3956,朋友,péng you,名,友人
4,,皮肤,pí fū,名,皮膚 肌
3,4238,啤酒,pí jiǔ,名,ビール
4,,批评,pī píng,動,批判する 叱る
4,,骗,piàn,動,騙す
4,,篇,piān,量,…篇（文章を数える）
2,4065,便宜,pián yi,形,安い（値段が）
2,4066,票,piào,名,切符
1,3957,漂亮,piào liang,形,きれいである（見た目が） 見事である
1,3958,苹果,píng guǒ,名,りんご
4,,乒乓球,pīng pāng qiú,名,ピンポン
4,,平时,píng shí,副,平時 ふだん
4,,瓶子,píng zi,名,瓶
4,,破,pò,動,壊れる 裂く
4,,普遍,pǔ biàn,形,普遍的な 普及している
3,4239,葡萄,pú tao,名,葡萄
3,106,普通话,pǔ tōng huà,名,標準語（中国の）
3,4241,骑,qí,動,乗る（またがって）
1,3959,七,qī,数,七
2,4068,起床,qǐ chuáng,動,起床する
4,,其次,qí cì,副,次二番目は
4,,起飞,qǐ fēi,動,離陸（する）
3,108,奇怪,qí guài,形,おかしい 奇怪である
4,,气候,qì hòu,名,気候
3,4240,其实,qí shí,副,実際は
3,107,其他,qí tā,代,その他（の）
4,,其中,qí zhōng,名,その中
2,4067,妻子,qī zi,名,妻 妻子
1,3960,钱,qián,名,お金
2,4069,千,qiān,数,千
3,4242,铅笔,qiān bǐ,名,鉛筆
1,17,前面,qián miàn,名,前 前方
4,,千万,qiān wàn,副,ぜひとも くれぐれも
4,,签证,qiān zhèng,名,ビザ
4,,墙,qiáng,名,壁 へい
4,,桥,qiáo,名,橋
4,,敲,qiāo,動,たたく
4,,巧克力,qiǎo kè lì,名,チョコレート
4,,亲戚,qīn qi,名,親戚
2,4070,晴,qíng,形,晴れている
1,18,请,qǐng,動,お願いする 招待する
4,,轻,qīng,形,軽い
3,109,清楚,qīng chu,形,はっきりしている
4,,请假,qǐng jià,動,休みを取る
4,,请客,qǐng kè,動,ごちそうする 客を招待する
4,,情况,qíng kuàng,名,情況
4,,轻松,qīng sōng,形,軽快な 容易な
4,,穷,qióng,形,貧しい
3,110,秋,qiū,名,秋
1,3961,去,qù,動,行く
4,,取,qǔ,動,取る 得る
4,,区别,qū bié,動,区別（する） 差異
2,4071,去年,qù nián,名,去年 昨年
4,,全部,quán bù,名,全部
4,,却,què,副,…なのにかえって退く
4,,缺点,quē diǎn,名,欠点 弱点
4,,缺少,quē shǎo,動,欠けている 足りない
4,,确实,què shí,形,確実である
4,,群,qún,量,…群（群れを成したものを数える）
3,4243,裙子,qún zi,名,スカート
4,,然而,rá nér,接,しかし
3,4244,然后,rán hòu,副,それから その後 そして
2,10335,让,ràng,動,譲る …させる …される
1,3962,热,rè,形,熱い 暑い
4,,热闹,rè nao,形,賑やかである うるさい
3,4245,热情,rè qíng,形,心がこもっている 親切な熱情 意欲
1,19,人,rén,名,人
4,,任何,rèn hé,代,いかなる 任意の
4,,人民币,rén mín bì,名,人民元
1,3963,认识,rèn shi,動,見知っている
3,4246,认为,rèn wéi,動,…と認める 思う 考える
4,,任务,rèn wu,名,任務
3,4247,认真,rèn zhēn,形,まじめである 真剣である
4,,扔,rēng,動,投げる 捨てる
4,,仍然,réng rán,副,依然として やはり
1,20,日,rì,名,太陽 日
4,,日记,rì jì,名,日記
3,4248,容易,róng yì,形,容易である
3,4249,如果,rú guǒ,接,もしも…ならば
4,,入口,rù kǒu,名,入口
4,,软,ruǎn,形,柔らかい
3,4250,伞,sǎn,名,傘
1,3964,三,sān,数,三
4,,散步,sàn bù,動,散歩する
4,,森林,sēn lín,名,森林
4,,沙发,shā fā,名,ソファ
1,21,上,shàng,名,上
2,4072,上班,shàng bān,動,出勤する
1,3965,商店,shāng diàn,名,商店
4,,商量,shāng liang,動,相談する
3,4251,上网,shàng wǎng,動,インターネットに接続する
1,3966,上午,shàng wǔ,名,午前
4,,伤心,shāng xīn,形,傷心の 悲しい
1,3967,少,shǎo,形,少ない
4,,稍微,shāo wēi,副,すこし いくらか
4,,社会,shè huì,名,社会
1,3972,谁,shéi,代,誰（の） 誰か
4,,深,shēn,形,深い （色が）濃い
1,3969,什么,shén me,代,何 どんな
4,,申请,shēn qǐng,動,申請（する）
2,4073,身体,shēn tǐ,名,身体
4,,甚至,shèn zhì,副,…さえ甚だしきにいたっては
4,,剩,shèng,動,残る 余る
4,,省,shěng,名,省
2,4074,生病,shēng bìng,動,病気になる
4,,生活,shēng huó,名,生活
4,,生命,shēng mìng,名,生命
3,4252,生气,shēng qì,動,怒る
2,4075,生日,shēng rì,名,誕生日
3,111,声音,shēng yīn,名,声 音
1,3968,十,shí,数,十
1,10329,是,shì,動,…だ …である
4,,试,shì,動,試みる
3,112,使,shǐ,動,使う 派遣する …に…をさせる
4,,失败,shī bài,動,失敗（する）
4,,市场,shì chǎng,名,市場 マーケット
4,,十分,shí fēn,副,十分に
4,,师傅,shī fu,名,師 師匠（技芸を持つ人への尊称）
4,,适合,shì hé,動,適合（する） ふさわしい
1,3970,时候,shí hou,名,時刻 時
4,,实际,shí jì,形,実際の
4,,世纪,shì jì,名,世紀
2,4076,时间,shí jiān,名,時間 時刻
3,4253,世界,shì jiè,名,世界
4,,食品,shí pǐn,名,食品
2,4077,事情,shì qing,名,事 事柄 用件
4,,湿润,shī rùn,形,湿潤な
4,,失望,shī wàng,動,失望（する）
4,,适应,shì yìng,動,適応（する）
4,,使用,shǐ yòng,動,使用する 使う
4,,实在,shí zài,形,本当に 実在の
3,4254,瘦,shòu,形,やせている
4,,收,shōu,動,収める 受け取る
2,4078,手表,shǒu biǎo,名,腕時計
4,,受不了,shòu bù liǎo,形,耐えられない
4,,首都,shǒu dū,名,首都
4,,售货员,shòu huò yuán,名,店員 売り子
2,4079,手机,shǒu jī,名,携帯電話
4,,收入,shōu rù,動,受け入れる収入
4,,收拾,shōu shi,動,片づける
4,,首先,shǒu xiān,副,まずはじめに
3,4257,树,shù,名,樹木 木
1,3971,书,shū,名,本 書籍
4,,输,shū,動,負ける
3,4256,舒服,shū fu,形,心地よい 気持ちよい
4,,数量,shù liàng,名,数量
3,4255,叔叔,shū shu,名,おじさん 父親の弟
4,,熟悉,shú xī,動,熟知（する している）
3,10356,数学,shù xué,名,数学
4,,数字,shù zì,名,数字
3,113,刷牙,shuā yá,動,歯を磨く
4,,帅,shuài,形,美しい 優美な 粋な元帥
3,114,双,shuāng,量,…双（ペアを数える）
1,22,水,shuǐ,名,水
2,3973,水果,shuǐ guǒ,名,果物
1,3974,睡觉,shuì jiào,動,眠る
3,115,水平,shuǐ píng,名,水準 レベル
4,,顺便,shùn biàn,副,ついでに
4,,顺利,shùn lì,形,順調である
4,,顺序,shùn xù,名,順序順次…
1,3975,说话,shuō huà,動,話す
4,,说明,shuō míng,動,説明する 証明する
4,,硕士,shuò shì,名,修士 マスター
1,3976,四,sì,数,四
4,,死,sǐ,動,死ぬ
3,4258,司机,sī jī,名,運転手
2,4080,送,sòng,動,送り届ける 贈る （人を）見送る
4,,速度,sù dù,名,速度 スピード
4,,塑料袋,sù liào dài,名,ビニール袋
4,,算,suàn,動,計算する …と見なす
4,,酸,suān,形,酸っぱい
1,3977,岁,suì,量,…歳
4,,随便,suí biàn,形,自由気ままである
3,4259,虽然,suī rán,接,…ではある（けれども…）
4,,随着,suí zhe,介,…にしたがって
4,,所有,suǒ yǒu,形,すべての
2,4081,所以,suǒyǐ,接,だから ゆえに
1,23,他,tā,代,彼
1,8,她,tā,代,彼女
2,10336,它,tā,代,それ あれ
4,,台,tái,名,台
4,,抬,tái,動,持ち上げる（二人以上で）
1,3978,太,tài,副,あまりに…すぎる きわめて
4,,态度,tài du,名,態度
3,4260,太阳,tài yáng,名,太陽
4,,谈,tán,動,話す 話し合う
4,,弹钢琴,tán gāng qín,動,ピアノを弾く
3,116,糖,táng,名,砂糖 あめ
4,,躺,tǎng,動,横になる 寝ころぶ
4,,汤,tāng,名,スープ
4,,讨论,tǎo lùn,動,討論する
4,,讨厌,tǎo yàn,形,いやらしい きらう
3,4261,特别,tè bié,形,特別である
4,,特点,tè diǎn,名,特徴
3,4262,疼,téng,形,痛む
2,10337,题,tí,名,題
3,4263,提高,tí gāo,動,高くする
4,,提供,tí gōng,動,提供（する）
4,,提前,tí qián,動,前倒しする 繰り上げる
4,,提醒,tí xǐng,動,気づかせる （忘れないように）注意する
3,4264,体育,tǐ yù,名,体育
2,4082,踢足球,tī zú qiú,動,サッカーをする
3,4265,甜,tián,形,甘い うまい
4,,填空,tián kòng,動,空白を埋める 充填する
1,3979,天气,tiān qì,名,天気
3,117,条,tiáo,量,…本（細長く 曲がることのある物を数える）
4,,条件,tiáo jiàn,名,条件
2,4083,跳舞,tiào wǔ,動,ダンスをする
4,,挺,tǐng,副,結構 かなり
1,3980,听,tīng,動,聞く
4,,停止,tíng zhǐ,動,停止（する）
4,,通过,tōng guò,介,…を通じて通過する
4,,同情,tóng qíng,動,同情（する）
3,4266,同事,tóng shì,名,同僚
1,3981,同学,tóng xué,名,学友
3,4267,同意,tóng yì,動,同意する
4,,通知,tōng zhī,動,通知する
3,118,头发,tóu fa,名,髪の毛
3,4268,图书馆,tú shū guǎn,名,図書館
3,4269,腿,tuǐ,名,足（つけ根…くるぶし）
4,,推,tuī,動,押す
4,,推迟,tuī chí,動,延期する
4,,脱,tuō,動,脱ぐ 抜ける
3,119,突然,tūrán,形,突然である
4,,袜子,wà zi,名,靴下
2,10338,外,wài,名,外
2,4084,玩,wán,動,遊ぶ もてあそぶ
2,10339,完,wán,動,仕上げる 尽きる
3,4272,万,wàn,数,万
3,4271,碗,wǎn,名,椀 茶碗
3,,完成,wán chéng,動,完成する
4,,完全,wán quán,形,完全である
2,4085,晚上,wǎn shang,名,晩 夜
4,,往,wǎng,介,…に向かって …の方へ
3,4273,忘记,wàng jì,動,忘れる うっかりする
4,,网球,wǎng qiú,名,テニス
4,,往往,wǎng wǎng,副,常に いつも
4,,网站,wǎng zhàn,名,ウェブサイト
1,24,喂,wèi,感,感嘆詞（呼びかけ もしもし）
3,121,位,wèi,量,…人（人を数える）
3,120,为,wèi,介,…のために
4,,味道,wèi dào,名,味
3,10357,为了,wèi le,介,…のために
2,4086,为什么,wèi shén me,代,なぜ どうして
4,,危险,wēi xiǎn,形,危険である
2,10340,问,wèn,動,質問する 尋ねる
4,,温度,wēn dù,名,温度
3,122,文化,wén huà,名,文化
2,4087,问题,wèn tí,名,問題
4,,文章,wén zhāng,名,文章
1,25,我,wǒ,代,私
1,26,我们,wǒ men,代,私たち（聞き手を含めず）
4,,握手,wò shǒu,動,握手する
4,,无,wú,副,…ない …するな …にもかかわらず
1,3982,五,wǔ,数,五
4,,误会,wù huì,動,誤解する
4,,无聊,wú liáo,形,退屈な つまらない 無聊な
4,,无论,wú lùn,接,…にかかわりなく
4,,污染,wū rǎn,動,汚染（する）
2,4090,洗,xǐ,動,洗う
3,123,西,xī,名,西
2,4088,西瓜,xī guā,名,すいか
3,4274,习惯,xí guàn,名,習慣
4,,西红柿,xī hóng shì,名,トマト
1,3983,喜欢,xǐ huan,動,喜ぶ 好む
3,124,洗手间,xǐ shǒu jiān,名,お手洗い トイレ
2,4089,希望,xī wàng,動,希望する
4,,洗衣机,xǐ yī jī,名,洗濯機
4,,吸引,xī yǐn,動,引きつける（感情や注意を）
3,4275,洗澡,xǐ zǎo,動,入浴する
1,27,下,xià,名,下
3,125,夏,xià,名,夏
1,3984,下午,xià wǔ,名,午後
1,3985,下雨,xià yǔ,動,雨が降る
4,,咸,xián,形,塩辛い
3,4276,先,xiān,副,先に まず
4,,现代,xiàn dài,名,現代
4,,羡慕,xiàn mù,動,羨む 羨望する
1,3986,先生,xiān sheng,名,男性に対する敬称（…さん）
1,3987,现在,xiàn zài,名,現在 今
4,,限制,xiàn zhì,動,制限（する） 規制する
3,4279,像,xiàng,動,似ている
3,10341,向,xiàng,介,…の方へ …に対して
1,3988,想,xiǎng,動,（…と）思う 考える 懐かしむ
4,,响,xiǎng,形,よく鳴り響く
4,,香,xiāng,形,香りがよい 味がよい
4,,相反,xiāng fǎn,形,相反している
3,126,香蕉,xiāng jiāo,名,バナナ
3,4277,相同,xiāng tóng,形,同じである
4,,详细,xiáng xì,形,詳細な 詳しい
3,4278,相信,xiāng xìn,動,信じる
2,4092,笑,xiào,動,笑う
1,3989,小,xiǎo,形,小さい 年少である
4,,效果,xiào guǒ,名,効果
4,,笑话,xiào huà,名,笑い話
1,3990,小姐,xiǎo jie,名,未婚女性への呼びかけ 敬称（英語のMiss…）
2,4091,小时,xiǎo shí,名,時間
4,,小说,xiǎo shuō,名,小説
4,,消息,xiāo xi,名,情報 ニュース 便り
3,127,小心,xiǎo xīn,動,注意する 気をつける
3,4280,校长,xiào zhǎng,名,校長 学長
3,4281,鞋,xié,名,靴
1,3991,写,xiě,動,書く
1,28,些,xiē,量,いくらかの（不定の量）
1,3992,谢谢,xiè xie,他,ありがとう
3,4283,信,xìn,名,手紙
2,10342,新,xīn,形,新しい
4,,辛苦,xīn kǔ,形,骨が折れる 苦労する
4,,心情,xīn qíng,名,心情 気持ち
4,,信任,xìn rèn,動,信用（する）信任
3,128,新闻,xīn wén,名,ニュース
3,4282,新鲜,xīn xiān,形,新鮮である
4,,信心,xìn xīn,名,自信 信念
4,,信用卡,xìn yòng kǎ,名,クレジットカード
4,,行,xíng,量,…行（行・列になっている物を数える）
2,4093,姓,xìng,動,（…という）姓である
4,,醒,xǐng,動,目が覚める
4,,性别,xìng bié,名,性別
4,,兴奋,xīng fèn,動,興奮する
4,,幸福,xìng fú,形,幸福な
4,,性格,xìng gé,名,性格
3,4284,行李箱,xíng li xiāng,名,トランク（車の）
1,3993,星期,xīng qī,名,週間 曜日
3,129,兴趣,xìng qu,名,興味 趣味
3,130,熊猫,xióng māo,名,パンダ
4,,修,xiū,動,直す 修理する 整える
2,4094,休息,xiū xi,動,休憩する
4,,许多,xǔ duō,形,たくさんの
3,4285,需要,xū yào,動,必要とする
3,4286,选择,xuǎn zé,動,選択（する）
4,,血,xuè,名,血
2,4095,雪,xuě,名,雪
1,3994,学生,xué sheng,名,学生
1,3995,学习,xué xí,動,学習する
1,3996,学校,xué xiào,名,学校
4,,呀,ya,感,感嘆詞（文末 [a]の変化したもの）
4,,牙膏,yá gāo,名,歯みがき粉
4,,亚洲,Yà zhōu,名固,アジア
4,,压力,yālì,名,圧力
4,,盐,yán,名,塩
4,,演出,yǎn chū,動,上演する
4,,严格,yán gé,形,厳格な
2,4097,眼睛,yǎn jing,名,目
3,131,眼镜,yǎn jìng,名,めがね
4,,研究生,yán jiū shēng,名,大学院生
2,4096,颜色,yán sè,名,色
4,,演员,yǎn yuán,名,俳優 役者
4,,严重,yán zhòng,形,厳重な 深刻な
4,,养成,yǎng chéng,動,養成（する） （習慣を）身につける
4,,阳光,yáng guāng,名,日光 太陽光線
2,4098,羊肉,yáng ròu,名,羊肉
4,,样子,yàng zi,名,様子
2,4099,药,yào,名,薬
2,10343,要,yào,能,…するつもりである …する必要がある
4,,邀请,yāo qǐng,動,招く 招待（する）
3,4287,要求,yāo qiú,動,要求する
4,,钥匙,yào shi,名,鍵
4,,页,yè,量,…頁
2,4100,也,yě,副,…もまた たとえ…でも …でさえも
4,,也许,yě xǔ,副,…かもしれない
3,4288,爷爷,yé ye,名,祖父（父方の）
4,,叶子,yè zi,名,葉っぱ
4,,亿,yì,数,億
4,,以,yǐ,介,…をもって
1,3997,一,yī,数,一
3,132,一般,yì bān,形,同じである 普通である
3,4289,一边,yì biān,接,一方 片方
3,4290,一定,yí dìng,副,必ず きっと
1,3998,衣服,yī fu,名,服
3,4291,一共,yí gòng,副,全部で 合わせて
3,4295,以后,yǐ hòu,名,その後 今後
3,4292,一会儿,yí huì r,副,少しの間
4,,意见,yì jiàn,名,意見
2,4101,已经,yǐ jīng,副,すでに
2,4102,一起,yì qǐ,副,いっしょに
3,4296,以前,yǐ qián,名,以前 昔
4,,一切,yī qiè,代,いっさい すべて
1,3999,医生,yī shēng,名,医師（文語）
4,,艺术,yì shù,名,芸術
2,4103,意思,yì si,名,意味
3,133,以为,yǐ wéi,動,…と考える 思う
3,4293,一样,yí yàng,形,同じである 似ている
1,4000,医院,yī yuàn,名,病院
3,4294,一直,yī zhí,副,ずっとまっすぐ
1,4001,椅子,yǐ zi,名,椅子
2,4104,阴,yīn,形,曇っている
4,,因此,yīn cǐ,接,これによって それゆえ
3,4298,银行,yín háng,名,銀行
4,,饮料,yǐn liào,名,飲み物
4,,引起,yǐn qǐ,動,引き起こす もたらす
2,4105,因为,yīn wèi,接,…なので
4,,印象,yìn xiàng,名,印象
3,4297,音乐,yīn yuè,名,音楽
4,,赢,yíng,動,勝つ
4,,硬,yìng,形,硬い 冷酷な
3,4300,应该,yīng gāi,能,当然…すべきである
3,4299,影响,yǐng xiǎng,動,影響を与える
3,134,用,yòng,動,使う 用いる
4,,勇敢,yǒng gǎn,形,勇敢な
4,,永远,yǒng yuǎn,副,いつまでも 永遠に
4,,由,yóu,介,…によると …から理由 経由
3,10358,又,yòu,副,また（…した）
1,10330,有,yǒu,動,いる ある 待つ
2,10344,右边,yòu bian,名,右（の方）
4,,优点,yōu diǎn,名,利点 優れている所
4,,友好,yǒu hǎo,形,友好的である
3,136,有名,yǒu míng,形,有名である
4,,幽默,yōu mò,形,ユーモア（のある）
4,,尤其,yóu qí,副,とりわけ
4,,有趣,yǒu qù,形,面白い 興味深い
3,135,游戏,yóu xì,名,遊び
4,,优秀,yōu xiù,形,優秀な
4,,友谊,yǒu yì,名,友情
2,4106,游泳,yóu yǒng,動,水泳する
4,,由于,yóu yú,接,[介]…によって [接]…なので
2,4107,鱼,yú,名,魚
3,4301,遇到,yù dào,動,出会う 当面する
4,,语法,yǔ fǎ,名,文法
4,,愉快,yú kuài,形,愉快である 楽しい
4,,羽毛球,yǔ máo qiú,名,バドミントン
4,,于是,yú shì,接,そこで それで
4,,预习,yù xí,動,予習する
4,,语言,yǔ yán,名,言語 言葉
2,4108,圆,yuán,形,丸い
4,,元,yuán,量,通貨の単位 元
2,4109,远,yuǎn,形,遠い
4,,原来,yuán lái,形,もとの 元通りの
4,,原谅,yuán liàng,動,許す
3,4302,愿意,yuàn yì,能,…したいと思う
4,,原因,yuán yīn,名,原因
1,4002,月,yuè,名,…月（日付）
3,138,越,yuè,副,…であればあるほど越える
4,,阅读,yuè dú,動,閲読（する） 読む
4,,约会,yuē huì,名,会う約束
3,137,月亮,yuè liang,名,月（天体の）
3,139,云,yún,名,雲
2,4110,运动,yùn dòng,動,運動する
4,,允许,yǔn xǔ,動,許容（する）
4,,杂志,zá zhì,名,雑誌
1,30,在,zài,動,存在する （…に）ある
2,4111,再,zài,副,再び さらに もっと
1,29,再见,zài jiàn,他,さようなら
4,,咱们,zán men,代,自分たち（聞き手を含める）
4,,暂时,zàn shí,副,しばらくのあいだ 当分
2,4112,早上,zǎo shang,名,朝
4,,责任,zé rèn,名,責任
1,4003,怎么,zěn me,代,どう なぜ
1,4004,怎么样,zěn me yàng,代,どんな（性質） どう（方法） どうですか？（状況 意
4,,增加,zēng jiā,動,増える 増やす
4,,增长,zēng zhǎng,動,成長する 増大する
4,,窄,zhǎi,形,幅が狭い 気が小さい
3,4303,站,zhàn,動,立つ 止まる
3,,长,zhǎng,動,成長する 年長の （組織の）長
2,10345,张,zhāng,量,…張り（薄くて平らな面をもつものを数える）
2,4113,丈夫,zhàng fu,名,夫 主人
2,4114,找,zhǎo,動,さがす
3,4304,照顾,zhào gu,動,世話をする 気を配る
3,4307,着急,zháo jí,動,焦る いらいらする
3,4305,照片,zhào piàn,名,写真
4,,招聘,zhāo pìn,動,招聘 求人（する）
3,4306,照相机,zhào xiàng jī,名,カメラ
2,4115,着,zhe,助,助詞（動作の持続・進行）
1,31,这,zhè,代,この これ
1,31,这儿,zhè r,代,ここ
2,10346,真,zhēn,副,じつに 確かに
4,,真正,zhēn zhèng,形,本当の 本当に
4,,正常,zhèng cháng,形,正常な
4,,正好,zhèng hǎo,形,ちょうど ぴったり
4,,整理,zhěng lǐ,動,整理する
4,,证明,zhèng míng,動,証明する
4,,整齐,zhěng qí,形,整然としている
4,,正确,zhèng què,形,正しい
4,,正式,zhèng shì,形,正式な
2,4116,正在,zhèng zài,副,ちょうど…している
3,140,只,zhǐ,副,ただ…だけ
4,,指,zhǐ,動,指さす 指し示す
4,,只,zhī,量,…匹（小動物 昆虫 ペアの片割れ）
4,,之,zhī,助,これ それ …の
4,,支持,zhī chí,動,支持 サポート（する）
2,4117,知道,zhī dào,動,知る 知っている．
4,,值得,zhí de,動,値打ちがある
4,,只好,zhǐ hǎo,副,…するより他はない やむなく
4,,直接,zhí jiē,形,直接の 直に
4,,质量,zhì liàng,名,質量
4,,至少,zhì shǎo,副,少なくとも
4,,知识,zhī shi,名,知識
4,,植物,zhí wù,名,植物
4,,只要,zhǐ yào,接,…さえあれば
4,,职业,zhí yè,名,職業
4,,制造,zhì zào,動,製造（する） 作りだす
3,4309,种,zhǒng,名,種 種子
4,,重点,zhòng diǎn,名,重点 （てこの）力点
1,32,中国,Zhōng guó,名固,中国
3,141,中间,zhōng jiān,名,中間 あいだ
4,,重视,zhòng shì,動,重視（する）
4,,中文,Zhōng wén,名,中国語
1,4005,中午,zhōng wǔ,名,正午 昼
3,4310,重要,zhòng yào,形,重要である
3,4308,终于,zhōng yú,副,ついに
3,4311,周末,zhōu mò,名,週末 ウィークエンド
4,,周围,zhōu wéi,名,まわり 周囲
1,4006,住,zhù,動,住む 止む 止まる
3,142,祝,zhù,動,祈る 願う
4,,猪,zhū,名,豚
4,,主动,zhǔ dòng,形,自発的な 能動的な
4,,祝贺,zhù hè,動,祝う祝賀
4,,逐渐,zhú jiàn,副,しだいに だんだんと
4,,著名,zhù míng,形,著名な
3,10359,主要,zhǔ yào,形,主要な
3,10360,注意,zhù yì,動,注意する
4,,主意,zhǔ yi,名,考え 意見
4,,赚,zhuàn,動,儲ける利潤
4,,专门,zhuān mén,名,専門
4,,专业,zhuān yè,名,専攻 専門
4,,撞,zhuàng,動,ぶつかる
2,4118,准备,zhǔn bèi,動,準備する …するつもりだ
4,,准确,zhǔn què,形,正確な
4,,准时,zhǔn shí,副,時間どおりに 時間に厳格な
1,4007,桌子,zhuō zi,名,机 テーブル
1,33,字,zì,名,字
3,4312,字典,zì diǎn,名,字典 辞書
3,143,自己,zì jǐ,代,自分
4,,自然,zì rán,副,自然（に） 当然（に）
4,,仔细,zǐ xì,形,仔細な 注意深い
2,4119,自行车,zì xíng chē,名,自転車
4,,总结,zǒng jié,動,総括する まとめる
3,4313,总是,zǒng shì,副,いつも ずっと
2,10347,走,zǒu,動,歩く 移動する
4,,租,zū,動,貸す（有料で） （金を払って）借りる
4,,组成,zǔ chéng,動,組成 構成（する）
4,,组织,zǔ zhī,動,組織する
2,10348,最,zuì,副,最も 一番
4,,嘴,zuǐ,名,口
4,,最好,zuì hǎo,形,最もよい できるだけ…したほうがよい
4,,最后,zuì hòu,名,最後 おしまい
3,4314,最近,zuì jìn,名,最近 近頃
4,,尊重,zūn zhòng,動,尊重する
1,4009,坐,zuò,動,坐る
1,4010,做,zuò,動,作る （仕事などを）する
4,,座,zuò,量,…台（大型で 固定した物を数える）
2,4120,左边,zuǒ bian,名,左（の方）
4,,做生意,zuò shēng yì,動,商売をする
1,4008,昨天,zuó tiān,名,昨日
4,,座位,zuò wèi,名,座席
3,4315,作业,zuò yè,名,宿題
3,4316,作用,zuò yòng,名,作用 役割 働き作用する
4,,作者,zuò zhě,名,作者 作家 筆者
